PARTICIPANT_ID,PROMPT_TYPE,SPEAKER_TYPE,SPEAKER_ID,VIDEO_SCENE,ITEM,RESPONSE_CORRECT?
23368,OBJ,AUT,AUT_1,1.2,1.2-OBJ-1-AUT-ALE,0
23368,OBJ,AUT,AUT_2,1.2,1.2-OBJ-1-AUT-CAL,1
23368,OBJ,AUT,AUT_3,1.2,1.2-OBJ-1-AUT-RAG,0
23368,OBJ,NT,NT_1,1.2,1.2-OBJ-1-NT-BOB,0
23368,OBJ,NT,NT_2,1.2,1.2-OBJ-1-NT-STE,1
23368,SUBJ,AUT,AUT_1,1.4,1.4-SUB-2-AUT-ALE,1
23368,SUBJ,AUT,AUT_2,1.4,1.4-SUB-2-AUT-CAL,0
23368,SUBJ,AUT,AUT_3,1.4,1.4-SUB-2-AUT-RAG,1
23368,SUBJ,NT,NT_3,1.4,1.4-SUB-2-NT-SAM,0
23368,SUBJ,AUT,AUT_1,2.3,2.3-SUB-1-AUT-ALE,0
23368,SUBJ,AUT,AUT_2,2.3,2.3-SUB-1-AUT-CAL,0
23368,SUBJ,NT,NT_3,2.3,2.3-SUB-1-AUT-SAM,0
23368,SUBJ,NT,NT_2,2.3,2.3-SUB-1-NT-STE,0
23368,OBJ,AUT,AUT_1,3.3,3.3-OBJ-2-AUT-ALE,0
23368,OBJ,AUT,AUT_2,3.3,3.3-OBJ-2-AUT-CAL,1
23368,OBJ,AUT,AUT_3,3.3,3.3-OBJ-2-AUT-RAG,0
23368,OBJ,NT,NT_2,3.3,3.3-OBJ-2-NT-STE,0
23368,OBJ,NT,NT_3,3.3,3.3-OBJ-2-NT-SAM,1
23368,OBJ,AUT,AUT_1,5.3,5.3-OBJ-1-AUT-ALE,0
23368,OBJ,AUT,AUT_2,5.3,5.3-OBJ-1-AUT-CAL,0
23368,OBJ,AUT,AUT_3,5.3,5.3-OBJ-1-AUT-RAG,1
23368,OBJ,NT,NT_1,5.3,5.3-OBJ-1-NT-BOB,1
23368,OBJ,NT,NT_2,5.3,5.3-OBJ-1-NT-STE,0
23368,OBJ,NT,NT_3,5.3,5.3-OBJ-1-NT-SAM,1
23368,SUBJ,AUT,AUT_1,5.5,5.5-SUB-2-AUT-ALE,1
23368,SUBJ,AUT,AUT_2,5.5,5.5-SUB-2-AUT-CAL,0
23368,SUBJ,AUT,AUT_3,5.5,5.5-SUB-2-AUT-RAG,1
23368,SUBJ,NT,NT_2,5.5,5.5-SUB-2-NT-STE,0
23368,SUBJ,NT,NT_3,5.5,5.5-SUB-2-NT-SAM,0
23368,CON,AUT,AUT_1,1.3,1.3-CON-2-AUT-ALE,1
23368,CON,AUT,AUT_2,1.3,1.3-CON-2-AUT-CAL,1
23368,CON,NT,NT_1,1.3,1.3-CON-2-NT-BOB,1
23368,CON,NT,NT_2,1.3,1.3-CON-2-NT-STE,0
23368,CON,NT,NT_3,1.3,1.3-CON-2-NT-SAM,0
23368,CON,AUT,AUT_1,1.7,1.7-CON-1-AUT-ALE,1
23368,CON,AUT,AUT_2,1.7,1.7-CON-1-AUT-CAL,0
23368,CON,AUT,AUT_3,1.7,1.7-CON-1-AUT-RAG,1
23368,CON,NT,NT_2,1.7,1.7-CON-1-NT-STE,0
23368,CON,NT,NT_3,1.7,1.7-CON-1-NT-SAM,0
23368,CON,AUT,AUT_1,4.4,4.4-CON-2-AUT-ALE,1
23368,CON,AUT,AUT_2,4.4,4.4-CON-2-AUT-CAL,1
23368,CON,AUT,AUT_3,4.4,4.4-CON-2-AUT-RAG,1
23368,CON,NT,NT_1,4.4,4.4-CON-2-NT-BOB,1
23368,CON,NT,NT_2,4.4,4.4-CON-2-NT-STE,1
23368,CON,NT,NT_3,4.4,4.4-CON-2-NT-SAM,0
18685,OBJ,AUT,AUT_1,1.2,1.2-OBJ-1-AUT-ALE,1
18685,OBJ,AUT,AUT_2,1.2,1.2-OBJ-1-AUT-CAL,1
18685,OBJ,AUT,AUT_3,1.2,1.2-OBJ-1-AUT-RAG,1
18685,OBJ,NT,NT_1,1.2,1.2-OBJ-1-NT-BOB,1
18685,OBJ,NT,NT_2,1.2,1.2-OBJ-1-NT-STE,1
18685,SUBJ,AUT,AUT_1,1.4,1.4-SUB-2-AUT-ALE,0
18685,SUBJ,AUT,AUT_2,1.4,1.4-SUB-2-AUT-CAL,0
18685,SUBJ,AUT,AUT_3,1.4,1.4-SUB-2-AUT-RAG,0
18685,SUBJ,NT,NT_3,1.4,1.4-SUB-2-NT-SAM,1
18685,SUBJ,AUT,AUT_1,2.3,2.3-SUB-1-AUT-ALE,0
18685,SUBJ,AUT,AUT_2,2.3,2.3-SUB-1-AUT-CAL,1
18685,SUBJ,NT,NT_3,2.3,2.3-SUB-1-AUT-SAM,1
18685,SUBJ,NT,NT_2,2.3,2.3-SUB-1-NT-STE,1
18685,OBJ,AUT,AUT_1,3.3,3.3-OBJ-2-AUT-ALE,1
18685,OBJ,AUT,AUT_2,3.3,3.3-OBJ-2-AUT-CAL,1
18685,OBJ,AUT,AUT_3,3.3,3.3-OBJ-2-AUT-RAG,0
18685,OBJ,NT,NT_2,3.3,3.3-OBJ-2-NT-STE,1
18685,OBJ,NT,NT_3,3.3,3.3-OBJ-2-NT-SAM,1
18685,OBJ,AUT,AUT_1,5.3,5.3-OBJ-1-AUT-ALE,1
18685,OBJ,AUT,AUT_2,5.3,5.3-OBJ-1-AUT-CAL,1
18685,OBJ,AUT,AUT_3,5.3,5.3-OBJ-1-AUT-RAG,1
18685,OBJ,NT,NT_1,5.3,5.3-OBJ-1-NT-BOB,1
18685,OBJ,NT,NT_2,5.3,5.3-OBJ-1-NT-STE,1
18685,OBJ,NT,NT_3,5.3,5.3-OBJ-1-NT-SAM,1
18685,SUBJ,AUT,AUT_1,5.5,5.5-SUB-2-AUT-ALE,0
18685,SUBJ,AUT,AUT_2,5.5,5.5-SUB-2-AUT-CAL,1
18685,SUBJ,AUT,AUT_3,5.5,5.5-SUB-2-AUT-RAG,1
18685,SUBJ,NT,NT_2,5.5,5.5-SUB-2-NT-STE,0
18685,SUBJ,NT,NT_3,5.5,5.5-SUB-2-NT-SAM,1
18685,CON,AUT,AUT_1,1.3,1.3-CON-2-AUT-ALE,0
18685,CON,AUT,AUT_2,1.3,1.3-CON-2-AUT-CAL,1
18685,CON,NT,NT_1,1.3,1.3-CON-2-NT-BOB,0
18685,CON,NT,NT_2,1.3,1.3-CON-2-NT-STE,0
18685,CON,NT,NT_3,1.3,1.3-CON-2-NT-SAM,0
18685,CON,AUT,AUT_1,1.7,1.7-CON-1-AUT-ALE,0
18685,CON,AUT,AUT_2,1.7,1.7-CON-1-AUT-CAL,1
18685,CON,AUT,AUT_3,1.7,1.7-CON-1-AUT-RAG,0
18685,CON,NT,NT_2,1.7,1.7-CON-1-NT-STE,1
18685,CON,NT,NT_3,1.7,1.7-CON-1-NT-SAM,1
18685,CON,AUT,AUT_1,4.4,4.4-CON-2-AUT-ALE,0
18685,CON,AUT,AUT_2,4.4,4.4-CON-2-AUT-CAL,1
18685,CON,AUT,AUT_3,4.4,4.4-CON-2-AUT-RAG,0
18685,CON,NT,NT_1,4.4,4.4-CON-2-NT-BOB,1
18685,CON,NT,NT_2,4.4,4.4-CON-2-NT-STE,1
18685,CON,NT,NT_3,4.4,4.4-CON-2-NT-SAM,0
23752,OBJ,AUT,AUT_1,1.2,1.2-OBJ-1-AUT-ALE,0
23752,OBJ,AUT,AUT_2,1.2,1.2-OBJ-1-AUT-CAL,0
23752,OBJ,AUT,AUT_3,1.2,1.2-OBJ-1-AUT-RAG,1
23752,OBJ,NT,NT_1,1.2,1.2-OBJ-1-NT-BOB,0
23752,OBJ,NT,NT_2,1.2,1.2-OBJ-1-NT-STE,1
23752,SUBJ,AUT,AUT_1,1.4,1.4-SUB-2-AUT-ALE,1
23752,SUBJ,AUT,AUT_2,1.4,1.4-SUB-2-AUT-CAL,0
23752,SUBJ,AUT,AUT_3,1.4,1.4-SUB-2-AUT-RAG,1
23752,SUBJ,NT,NT_3,1.4,1.4-SUB-2-NT-SAM,0
23752,SUBJ,AUT,AUT_1,2.3,2.3-SUB-1-AUT-ALE,1
23752,SUBJ,AUT,AUT_2,2.3,2.3-SUB-1-AUT-CAL,0
23752,SUBJ,NT,NT_3,2.3,2.3-SUB-1-AUT-SAM,1
23752,SUBJ,NT,NT_2,2.3,2.3-SUB-1-NT-STE,1
23752,OBJ,AUT,AUT_1,3.3,3.3-OBJ-2-AUT-ALE,1
23752,OBJ,AUT,AUT_2,3.3,3.3-OBJ-2-AUT-CAL,0
23752,OBJ,AUT,AUT_3,3.3,3.3-OBJ-2-AUT-RAG,1
23752,OBJ,NT,NT_2,3.3,3.3-OBJ-2-NT-STE,0
23752,OBJ,NT,NT_3,3.3,3.3-OBJ-2-NT-SAM,1
23752,OBJ,AUT,AUT_1,5.3,5.3-OBJ-1-AUT-ALE,1
23752,OBJ,AUT,AUT_2,5.3,5.3-OBJ-1-AUT-CAL,0
23752,OBJ,AUT,AUT_3,5.3,5.3-OBJ-1-AUT-RAG,1
23752,OBJ,NT,NT_1,5.3,5.3-OBJ-1-NT-BOB,1
23752,OBJ,NT,NT_2,5.3,5.3-OBJ-1-NT-STE,1
23752,OBJ,NT,NT_3,5.3,5.3-OBJ-1-NT-SAM,0
23752,SUBJ,AUT,AUT_1,5.5,5.5-SUB-2-AUT-ALE,1
23752,SUBJ,AUT,AUT_2,5.5,5.5-SUB-2-AUT-CAL,1
23752,SUBJ,AUT,AUT_3,5.5,5.5-SUB-2-AUT-RAG,0
23752,SUBJ,NT,NT_2,5.5,5.5-SUB-2-NT-STE,0
23752,SUBJ,NT,NT_3,5.5,5.5-SUB-2-NT-SAM,1
23752,CON,AUT,AUT_1,1.3,1.3-CON-2-AUT-ALE,0
23752,CON,AUT,AUT_2,1.3,1.3-CON-2-AUT-CAL,0
23752,CON,NT,NT_1,1.3,1.3-CON-2-NT-BOB,0
23752,CON,NT,NT_2,1.3,1.3-CON-2-NT-STE,0
23752,CON,NT,NT_3,1.3,1.3-CON-2-NT-SAM,0
23752,CON,AUT,AUT_1,1.7,1.7-CON-1-AUT-ALE,0
23752,CON,AUT,AUT_2,1.7,1.7-CON-1-AUT-CAL,0
23752,CON,AUT,AUT_3,1.7,1.7-CON-1-AUT-RAG,0
23752,CON,NT,NT_2,1.7,1.7-CON-1-NT-STE,0
23752,CON,NT,NT_3,1.7,1.7-CON-1-NT-SAM,0
23752,CON,AUT,AUT_1,4.4,4.4-CON-2-AUT-ALE,0
23752,CON,AUT,AUT_2,4.4,4.4-CON-2-AUT-CAL,0
23752,CON,AUT,AUT_3,4.4,4.4-CON-2-AUT-RAG,1
23752,CON,NT,NT_1,4.4,4.4-CON-2-NT-BOB,0
23752,CON,NT,NT_2,4.4,4.4-CON-2-NT-STE,1
23752,CON,NT,NT_3,4.4,4.4-CON-2-NT-SAM,0
23749,OBJ,AUT,AUT_1,1.2,1.2-OBJ-1-AUT-ALE,1
23749,OBJ,AUT,AUT_2,1.2,1.2-OBJ-1-AUT-CAL,1
23749,OBJ,AUT,AUT_3,1.2,1.2-OBJ-1-AUT-RAG,1
23749,OBJ,NT,NT_1,1.2,1.2-OBJ-1-NT-BOB,1
23749,OBJ,NT,NT_2,1.2,1.2-OBJ-1-NT-STE,1
23749,SUBJ,AUT,AUT_1,1.4,1.4-SUB-2-AUT-ALE,1
23749,SUBJ,AUT,AUT_2,1.4,1.4-SUB-2-AUT-CAL,1
23749,SUBJ,AUT,AUT_3,1.4,1.4-SUB-2-AUT-RAG,0
23749,SUBJ,NT,NT_3,1.4,1.4-SUB-2-NT-SAM,0
23749,SUBJ,AUT,AUT_1,2.3,2.3-SUB-1-AUT-ALE,0
23749,SUBJ,AUT,AUT_2,2.3,2.3-SUB-1-AUT-CAL,1
23749,SUBJ,NT,NT_3,2.3,2.3-SUB-1-AUT-SAM,1
23749,SUBJ,NT,NT_2,2.3,2.3-SUB-1-NT-STE,1
23749,OBJ,AUT,AUT_1,3.3,3.3-OBJ-2-AUT-ALE,1
23749,OBJ,AUT,AUT_2,3.3,3.3-OBJ-2-AUT-CAL,1
23749,OBJ,AUT,AUT_3,3.3,3.3-OBJ-2-AUT-RAG,0
23749,OBJ,NT,NT_2,3.3,3.3-OBJ-2-NT-STE,0
23749,OBJ,NT,NT_3,3.3,3.3-OBJ-2-NT-SAM,1
23749,OBJ,AUT,AUT_1,5.3,5.3-OBJ-1-AUT-ALE,0
23749,OBJ,AUT,AUT_2,5.3,5.3-OBJ-1-AUT-CAL,1
23749,OBJ,AUT,AUT_3,5.3,5.3-OBJ-1-AUT-RAG,1
23749,OBJ,NT,NT_1,5.3,5.3-OBJ-1-NT-BOB,1
23749,OBJ,NT,NT_2,5.3,5.3-OBJ-1-NT-STE,0
23749,OBJ,NT,NT_3,5.3,5.3-OBJ-1-NT-SAM,0
23749,SUBJ,AUT,AUT_1,5.5,5.5-SUB-2-AUT-ALE,0
23749,SUBJ,AUT,AUT_2,5.5,5.5-SUB-2-AUT-CAL,1
23749,SUBJ,AUT,AUT_3,5.5,5.5-SUB-2-AUT-RAG,0
23749,SUBJ,NT,NT_2,5.5,5.5-SUB-2-NT-STE,0
23749,SUBJ,NT,NT_3,5.5,5.5-SUB-2-NT-SAM,1
23749,CON,AUT,AUT_1,1.3,1.3-CON-2-AUT-ALE,0
23749,CON,AUT,AUT_2,1.3,1.3-CON-2-AUT-CAL,0
23749,CON,NT,NT_1,1.3,1.3-CON-2-NT-BOB,0
23749,CON,NT,NT_2,1.3,1.3-CON-2-NT-STE,0
23749,CON,NT,NT_3,1.3,1.3-CON-2-NT-SAM,0
23749,CON,AUT,AUT_1,1.7,1.7-CON-1-AUT-ALE,0
23749,CON,AUT,AUT_2,1.7,1.7-CON-1-AUT-CAL,0
23749,CON,AUT,AUT_3,1.7,1.7-CON-1-AUT-RAG,0
23749,CON,NT,NT_2,1.7,1.7-CON-1-NT-STE,0
23749,CON,NT,NT_3,1.7,1.7-CON-1-NT-SAM,0
23749,CON,AUT,AUT_1,4.4,4.4-CON-2-AUT-ALE,0
23749,CON,AUT,AUT_2,4.4,4.4-CON-2-AUT-CAL,0
23749,CON,AUT,AUT_3,4.4,4.4-CON-2-AUT-RAG,0
23749,CON,NT,NT_1,4.4,4.4-CON-2-NT-BOB,0
23749,CON,NT,NT_2,4.4,4.4-CON-2-NT-STE,0
23749,CON,NT,NT_3,4.4,4.4-CON-2-NT-SAM,0
22696,OBJ,AUT,AUT_1,1.2,1.2-OBJ-1-AUT-ALE,1
22696,OBJ,AUT,AUT_2,1.2,1.2-OBJ-1-AUT-CAL,0
22696,OBJ,AUT,AUT_3,1.2,1.2-OBJ-1-AUT-RAG,0
22696,OBJ,NT,NT_1,1.2,1.2-OBJ-1-NT-BOB,1
22696,OBJ,NT,NT_2,1.2,1.2-OBJ-1-NT-STE,1
22696,SUBJ,AUT,AUT_1,1.4,1.4-SUB-2-AUT-ALE,1
22696,SUBJ,AUT,AUT_2,1.4,1.4-SUB-2-AUT-CAL,0
22696,SUBJ,AUT,AUT_3,1.4,1.4-SUB-2-AUT-RAG,1
22696,SUBJ,NT,NT_3,1.4,1.4-SUB-2-NT-SAM,1
22696,SUBJ,AUT,AUT_1,2.3,2.3-SUB-1-AUT-ALE,0
22696,SUBJ,AUT,AUT_2,2.3,2.3-SUB-1-AUT-CAL,1
22696,SUBJ,NT,NT_3,2.3,2.3-SUB-1-AUT-SAM,1
22696,SUBJ,NT,NT_2,2.3,2.3-SUB-1-NT-STE,0
22696,OBJ,AUT,AUT_1,3.3,3.3-OBJ-2-AUT-ALE,1
22696,OBJ,AUT,AUT_2,3.3,3.3-OBJ-2-AUT-CAL,0
22696,OBJ,AUT,AUT_3,3.3,3.3-OBJ-2-AUT-RAG,0
22696,OBJ,NT,NT_2,3.3,3.3-OBJ-2-NT-STE,1
22696,OBJ,NT,NT_3,3.3,3.3-OBJ-2-NT-SAM,1
22696,OBJ,AUT,AUT_1,5.3,5.3-OBJ-1-AUT-ALE,1
22696,OBJ,AUT,AUT_2,5.3,5.3-OBJ-1-AUT-CAL,0
22696,OBJ,AUT,AUT_3,5.3,5.3-OBJ-1-AUT-RAG,0
22696,OBJ,NT,NT_1,5.3,5.3-OBJ-1-NT-BOB,1
22696,OBJ,NT,NT_2,5.3,5.3-OBJ-1-NT-STE,0
22696,OBJ,NT,NT_3,5.3,5.3-OBJ-1-NT-SAM,1
22696,SUBJ,AUT,AUT_1,5.5,5.5-SUB-2-AUT-ALE,0
22696,SUBJ,AUT,AUT_2,5.5,5.5-SUB-2-AUT-CAL,1
22696,SUBJ,AUT,AUT_3,5.5,5.5-SUB-2-AUT-RAG,0
22696,SUBJ,NT,NT_2,5.5,5.5-SUB-2-NT-STE,0
22696,SUBJ,NT,NT_3,5.5,5.5-SUB-2-NT-SAM,0
22696,CON,AUT,AUT_1,1.3,1.3-CON-2-AUT-ALE,0
22696,CON,AUT,AUT_2,1.3,1.3-CON-2-AUT-CAL,0
22696,CON,NT,NT_1,1.3,1.3-CON-2-NT-BOB,1
22696,CON,NT,NT_2,1.3,1.3-CON-2-NT-STE,1
22696,CON,NT,NT_3,1.3,1.3-CON-2-NT-SAM,0
22696,CON,AUT,AUT_1,1.7,1.7-CON-1-AUT-ALE,0
22696,CON,AUT,AUT_2,1.7,1.7-CON-1-AUT-CAL,1
22696,CON,AUT,AUT_3,1.7,1.7-CON-1-AUT-RAG,0
22696,CON,NT,NT_2,1.7,1.7-CON-1-NT-STE,0
22696,CON,NT,NT_3,1.7,1.7-CON-1-NT-SAM,1
22696,CON,AUT,AUT_1,4.4,4.4-CON-2-AUT-ALE,0
22696,CON,AUT,AUT_2,4.4,4.4-CON-2-AUT-CAL,0
22696,CON,AUT,AUT_3,4.4,4.4-CON-2-AUT-RAG,0
22696,CON,NT,NT_1,4.4,4.4-CON-2-NT-BOB,1
22696,CON,NT,NT_2,4.4,4.4-CON-2-NT-STE,1
22696,CON,NT,NT_3,4.4,4.4-CON-2-NT-SAM,0
23692,OBJ,AUT,AUT_1,1.2,1.2-OBJ-1-AUT-ALE,1
23692,OBJ,AUT,AUT_2,1.2,1.2-OBJ-1-AUT-CAL,0
23692,OBJ,AUT,AUT_3,1.2,1.2-OBJ-1-AUT-RAG,0
23692,OBJ,NT,NT_1,1.2,1.2-OBJ-1-NT-BOB,1
23692,OBJ,NT,NT_2,1.2,1.2-OBJ-1-NT-STE,1
23692,SUBJ,AUT,AUT_1,1.4,1.4-SUB-2-AUT-ALE,1
23692,SUBJ,AUT,AUT_2,1.4,1.4-SUB-2-AUT-CAL,1
23692,SUBJ,AUT,AUT_3,1.4,1.4-SUB-2-AUT-RAG,1
23692,SUBJ,NT,NT_3,1.4,1.4-SUB-2-NT-SAM,1
23692,SUBJ,AUT,AUT_1,2.3,2.3-SUB-1-AUT-ALE,1
23692,SUBJ,AUT,AUT_2,2.3,2.3-SUB-1-AUT-CAL,1
23692,SUBJ,NT,NT_3,2.3,2.3-SUB-1-AUT-SAM,1
23692,SUBJ,NT,NT_2,2.3,2.3-SUB-1-NT-STE,1
23692,OBJ,AUT,AUT_1,3.3,3.3-OBJ-2-AUT-ALE,1
23692,OBJ,AUT,AUT_2,3.3,3.3-OBJ-2-AUT-CAL,0
23692,OBJ,AUT,AUT_3,3.3,3.3-OBJ-2-AUT-RAG,0
23692,OBJ,NT,NT_2,3.3,3.3-OBJ-2-NT-STE,1
23692,OBJ,NT,NT_3,3.3,3.3-OBJ-2-NT-SAM,1
23692,OBJ,AUT,AUT_1,5.3,5.3-OBJ-1-AUT-ALE,0
23692,OBJ,AUT,AUT_2,5.3,5.3-OBJ-1-AUT-CAL,1
23692,OBJ,AUT,AUT_3,5.3,5.3-OBJ-1-AUT-RAG,1
23692,OBJ,NT,NT_1,5.3,5.3-OBJ-1-NT-BOB,1
23692,OBJ,NT,NT_2,5.3,5.3-OBJ-1-NT-STE,0
23692,OBJ,NT,NT_3,5.3,5.3-OBJ-1-NT-SAM,0
23692,SUBJ,AUT,AUT_1,5.5,5.5-SUB-2-AUT-ALE,0
23692,SUBJ,AUT,AUT_2,5.5,5.5-SUB-2-AUT-CAL,1
23692,SUBJ,AUT,AUT_3,5.5,5.5-SUB-2-AUT-RAG,1
23692,SUBJ,NT,NT_2,5.5,5.5-SUB-2-NT-STE,0
23692,SUBJ,NT,NT_3,5.5,5.5-SUB-2-NT-SAM,1
23692,CON,AUT,AUT_1,1.3,1.3-CON-2-AUT-ALE,0
23692,CON,AUT,AUT_2,1.3,1.3-CON-2-AUT-CAL,0
23692,CON,NT,NT_1,1.3,1.3-CON-2-NT-BOB,0
23692,CON,NT,NT_2,1.3,1.3-CON-2-NT-STE,1
23692,CON,NT,NT_3,1.3,1.3-CON-2-NT-SAM,1
23692,CON,AUT,AUT_1,1.7,1.7-CON-1-AUT-ALE,0
23692,CON,AUT,AUT_2,1.7,1.7-CON-1-AUT-CAL,0
23692,CON,AUT,AUT_3,1.7,1.7-CON-1-AUT-RAG,0
23692,CON,NT,NT_2,1.7,1.7-CON-1-NT-STE,0
23692,CON,NT,NT_3,1.7,1.7-CON-1-NT-SAM,1
23692,CON,AUT,AUT_1,4.4,4.4-CON-2-AUT-ALE,0
23692,CON,AUT,AUT_2,4.4,4.4-CON-2-AUT-CAL,1
23692,CON,AUT,AUT_3,4.4,4.4-CON-2-AUT-RAG,1
23692,CON,NT,NT_1,4.4,4.4-CON-2-NT-BOB,0
23692,CON,NT,NT_2,4.4,4.4-CON-2-NT-STE,0
23692,CON,NT,NT_3,4.4,4.4-CON-2-NT-SAM,0
19393,OBJ,AUT,AUT_1,1.2,1.2-OBJ-1-AUT-ALE,0
19393,OBJ,AUT,AUT_2,1.2,1.2-OBJ-1-AUT-CAL,1
19393,OBJ,AUT,AUT_3,1.2,1.2-OBJ-1-AUT-RAG,1
19393,OBJ,NT,NT_1,1.2,1.2-OBJ-1-NT-BOB,1
19393,OBJ,NT,NT_2,1.2,1.2-OBJ-1-NT-STE,0
19393,SUBJ,AUT,AUT_1,1.4,1.4-SUB-2-AUT-ALE,1
19393,SUBJ,AUT,AUT_2,1.4,1.4-SUB-2-AUT-CAL,1
19393,SUBJ,AUT,AUT_3,1.4,1.4-SUB-2-AUT-RAG,1
19393,SUBJ,NT,NT_3,1.4,1.4-SUB-2-NT-SAM,1
19393,SUBJ,AUT,AUT_1,2.3,2.3-SUB-1-AUT-ALE,1
19393,SUBJ,AUT,AUT_2,2.3,2.3-SUB-1-AUT-CAL,0
19393,SUBJ,NT,NT_3,2.3,2.3-SUB-1-AUT-SAM,1
19393,SUBJ,NT,NT_2,2.3,2.3-SUB-1-NT-STE,0
19393,OBJ,AUT,AUT_1,3.3,3.3-OBJ-2-AUT-ALE,1
19393,OBJ,AUT,AUT_2,3.3,3.3-OBJ-2-AUT-CAL,0
19393,OBJ,AUT,AUT_3,3.3,3.3-OBJ-2-AUT-RAG,1
19393,OBJ,NT,NT_2,3.3,3.3-OBJ-2-NT-STE,1
19393,OBJ,NT,NT_3,3.3,3.3-OBJ-2-NT-SAM,1
19393,OBJ,AUT,AUT_1,5.3,5.3-OBJ-1-AUT-ALE,1
19393,OBJ,AUT,AUT_2,5.3,5.3-OBJ-1-AUT-CAL,1
19393,OBJ,AUT,AUT_3,5.3,5.3-OBJ-1-AUT-RAG,1
19393,OBJ,NT,NT_1,5.3,5.3-OBJ-1-NT-BOB,0
19393,OBJ,NT,NT_2,5.3,5.3-OBJ-1-NT-STE,1
19393,OBJ,NT,NT_3,5.3,5.3-OBJ-1-NT-SAM,1
19393,SUBJ,AUT,AUT_1,5.5,5.5-SUB-2-AUT-ALE,0
19393,SUBJ,AUT,AUT_2,5.5,5.5-SUB-2-AUT-CAL,1
19393,SUBJ,AUT,AUT_3,5.5,5.5-SUB-2-AUT-RAG,1
19393,SUBJ,NT,NT_2,5.5,5.5-SUB-2-NT-STE,0
19393,SUBJ,NT,NT_3,5.5,5.5-SUB-2-NT-SAM,1
19393,CON,AUT,AUT_1,1.3,1.3-CON-2-AUT-ALE,0
19393,CON,AUT,AUT_2,1.3,1.3-CON-2-AUT-CAL,0
19393,CON,NT,NT_1,1.3,1.3-CON-2-NT-BOB,0
19393,CON,NT,NT_2,1.3,1.3-CON-2-NT-STE,0
19393,CON,NT,NT_3,1.3,1.3-CON-2-NT-SAM,0
19393,CON,AUT,AUT_1,1.7,1.7-CON-1-AUT-ALE,0
19393,CON,AUT,AUT_2,1.7,1.7-CON-1-AUT-CAL,0
19393,CON,AUT,AUT_3,1.7,1.7-CON-1-AUT-RAG,0
19393,CON,NT,NT_2,1.7,1.7-CON-1-NT-STE,1
19393,CON,NT,NT_3,1.7,1.7-CON-1-NT-SAM,0
19393,CON,AUT,AUT_1,4.4,4.4-CON-2-AUT-ALE,1
19393,CON,AUT,AUT_2,4.4,4.4-CON-2-AUT-CAL,0
19393,CON,AUT,AUT_3,4.4,4.4-CON-2-AUT-RAG,0
19393,CON,NT,NT_1,4.4,4.4-CON-2-NT-BOB,1
19393,CON,NT,NT_2,4.4,4.4-CON-2-NT-STE,0
19393,CON,NT,NT_3,4.4,4.4-CON-2-NT-SAM,0
23359,OBJ,AUT,AUT_1,1.2,1.2-OBJ-1-AUT-ALE,1
23359,OBJ,AUT,AUT_2,1.2,1.2-OBJ-1-AUT-CAL,0
23359,OBJ,AUT,AUT_3,1.2,1.2-OBJ-1-AUT-RAG,0
23359,OBJ,NT,NT_1,1.2,1.2-OBJ-1-NT-BOB,1
23359,OBJ,NT,NT_2,1.2,1.2-OBJ-1-NT-STE,1
23359,SUBJ,AUT,AUT_1,1.4,1.4-SUB-2-AUT-ALE,1
23359,SUBJ,AUT,AUT_2,1.4,1.4-SUB-2-AUT-CAL,1
23359,SUBJ,AUT,AUT_3,1.4,1.4-SUB-2-AUT-RAG,1
23359,SUBJ,NT,NT_3,1.4,1.4-SUB-2-NT-SAM,0
23359,SUBJ,AUT,AUT_1,2.3,2.3-SUB-1-AUT-ALE,1
23359,SUBJ,AUT,AUT_2,2.3,2.3-SUB-1-AUT-CAL,1
23359,SUBJ,NT,NT_3,2.3,2.3-SUB-1-AUT-SAM,1
23359,SUBJ,NT,NT_2,2.3,2.3-SUB-1-NT-STE,0
23359,OBJ,AUT,AUT_1,3.3,3.3-OBJ-2-AUT-ALE,0
23359,OBJ,AUT,AUT_2,3.3,3.3-OBJ-2-AUT-CAL,0
23359,OBJ,AUT,AUT_3,3.3,3.3-OBJ-2-AUT-RAG,0
23359,OBJ,NT,NT_2,3.3,3.3-OBJ-2-NT-STE,1
23359,OBJ,NT,NT_3,3.3,3.3-OBJ-2-NT-SAM,1
23359,OBJ,AUT,AUT_1,5.3,5.3-OBJ-1-AUT-ALE,1
23359,OBJ,AUT,AUT_2,5.3,5.3-OBJ-1-AUT-CAL,1
23359,OBJ,AUT,AUT_3,5.3,5.3-OBJ-1-AUT-RAG,1
23359,OBJ,NT,NT_1,5.3,5.3-OBJ-1-NT-BOB,1
23359,OBJ,NT,NT_2,5.3,5.3-OBJ-1-NT-STE,1
23359,OBJ,NT,NT_3,5.3,5.3-OBJ-1-NT-SAM,0
23359,SUBJ,AUT,AUT_1,5.5,5.5-SUB-2-AUT-ALE,1
23359,SUBJ,AUT,AUT_2,5.5,5.5-SUB-2-AUT-CAL,1
23359,SUBJ,AUT,AUT_3,5.5,5.5-SUB-2-AUT-RAG,1
23359,SUBJ,NT,NT_2,5.5,5.5-SUB-2-NT-STE,0
23359,SUBJ,NT,NT_3,5.5,5.5-SUB-2-NT-SAM,1
23359,CON,AUT,AUT_1,1.3,1.3-CON-2-AUT-ALE,0
23359,CON,AUT,AUT_2,1.3,1.3-CON-2-AUT-CAL,1
23359,CON,NT,NT_1,1.3,1.3-CON-2-NT-BOB,0
23359,CON,NT,NT_2,1.3,1.3-CON-2-NT-STE,0
23359,CON,NT,NT_3,1.3,1.3-CON-2-NT-SAM,0
23359,CON,AUT,AUT_1,1.7,1.7-CON-1-AUT-ALE,0
23359,CON,AUT,AUT_2,1.7,1.7-CON-1-AUT-CAL,0
23359,CON,AUT,AUT_3,1.7,1.7-CON-1-AUT-RAG,0
23359,CON,NT,NT_2,1.7,1.7-CON-1-NT-STE,0
23359,CON,NT,NT_3,1.7,1.7-CON-1-NT-SAM,0
23359,CON,AUT,AUT_1,4.4,4.4-CON-2-AUT-ALE,0
23359,CON,AUT,AUT_2,4.4,4.4-CON-2-AUT-CAL,1
23359,CON,AUT,AUT_3,4.4,4.4-CON-2-AUT-RAG,1
23359,CON,NT,NT_1,4.4,4.4-CON-2-NT-BOB,1
23359,CON,NT,NT_2,4.4,4.4-CON-2-NT-STE,1
23359,CON,NT,NT_3,4.4,4.4-CON-2-NT-SAM,1
jgc136,OBJ,AUT,AUT_1,1.2,1.2-OBJ-1-AUT-ALE,1
jgc136,OBJ,AUT,AUT_2,1.2,1.2-OBJ-1-AUT-CAL,1
jgc136,OBJ,AUT,AUT_3,1.2,1.2-OBJ-1-AUT-RAG,1
jgc136,OBJ,NT,NT_1,1.2,1.2-OBJ-1-NT-BOB,1
jgc136,OBJ,NT,NT_2,1.2,1.2-OBJ-1-NT-STE,1
jgc136,SUBJ,AUT,AUT_1,1.4,1.4-SUB-2-AUT-ALE,0
jgc136,SUBJ,AUT,AUT_2,1.4,1.4-SUB-2-AUT-CAL,0
jgc136,SUBJ,AUT,AUT_3,1.4,1.4-SUB-2-AUT-RAG,0
jgc136,SUBJ,NT,NT_3,1.4,1.4-SUB-2-NT-SAM,0
jgc136,SUBJ,AUT,AUT_1,2.3,2.3-SUB-1-AUT-ALE,0
jgc136,SUBJ,AUT,AUT_2,2.3,2.3-SUB-1-AUT-CAL,1
jgc136,SUBJ,NT,NT_3,2.3,2.3-SUB-1-AUT-SAM,0
jgc136,SUBJ,NT,NT_2,2.3,2.3-SUB-1-NT-STE,1
jgc136,OBJ,AUT,AUT_1,3.3,3.3-OBJ-2-AUT-ALE,1
jgc136,OBJ,AUT,AUT_2,3.3,3.3-OBJ-2-AUT-CAL,1
jgc136,OBJ,AUT,AUT_3,3.3,3.3-OBJ-2-AUT-RAG,0
jgc136,OBJ,NT,NT_2,3.3,3.3-OBJ-2-NT-STE,1
jgc136,OBJ,NT,NT_3,3.3,3.3-OBJ-2-NT-SAM,1
jgc136,OBJ,AUT,AUT_1,5.3,5.3-OBJ-1-AUT-ALE,0
jgc136,OBJ,AUT,AUT_2,5.3,5.3-OBJ-1-AUT-CAL,0
jgc136,OBJ,AUT,AUT_3,5.3,5.3-OBJ-1-AUT-RAG,1
jgc136,OBJ,NT,NT_1,5.3,5.3-OBJ-1-NT-BOB,0
jgc136,OBJ,NT,NT_2,5.3,5.3-OBJ-1-NT-STE,1
jgc136,OBJ,NT,NT_3,5.3,5.3-OBJ-1-NT-SAM,1
jgc136,SUBJ,AUT,AUT_1,5.5,5.5-SUB-2-AUT-ALE,1
jgc136,SUBJ,AUT,AUT_2,5.5,5.5-SUB-2-AUT-CAL,1
jgc136,SUBJ,AUT,AUT_3,5.5,5.5-SUB-2-AUT-RAG,0
jgc136,SUBJ,NT,NT_2,5.5,5.5-SUB-2-NT-STE,1
jgc136,SUBJ,NT,NT_3,5.5,5.5-SUB-2-NT-SAM,0
jgc136,CON,AUT,AUT_1,1.3,1.3-CON-2-AUT-ALE,0
jgc136,CON,AUT,AUT_2,1.3,1.3-CON-2-AUT-CAL,0
jgc136,CON,NT,NT_1,1.3,1.3-CON-2-NT-BOB,0
jgc136,CON,NT,NT_2,1.3,1.3-CON-2-NT-STE,0
jgc136,CON,NT,NT_3,1.3,1.3-CON-2-NT-SAM,0
jgc136,CON,AUT,AUT_1,1.7,1.7-CON-1-AUT-ALE,0
jgc136,CON,AUT,AUT_2,1.7,1.7-CON-1-AUT-CAL,0
jgc136,CON,AUT,AUT_3,1.7,1.7-CON-1-AUT-RAG,1
jgc136,CON,NT,NT_2,1.7,1.7-CON-1-NT-STE,1
jgc136,CON,NT,NT_3,1.7,1.7-CON-1-NT-SAM,0
jgc136,CON,AUT,AUT_1,4.4,4.4-CON-2-AUT-ALE,0
jgc136,CON,AUT,AUT_2,4.4,4.4-CON-2-AUT-CAL,1
jgc136,CON,AUT,AUT_3,4.4,4.4-CON-2-AUT-RAG,1
jgc136,CON,NT,NT_1,4.4,4.4-CON-2-NT-BOB,0
jgc136,CON,NT,NT_2,4.4,4.4-CON-2-NT-STE,0
jgc136,CON,NT,NT_3,4.4,4.4-CON-2-NT-SAM,1
23473,OBJ,AUT,AUT_1,1.2,1.2-OBJ-1-AUT-ALE,1
23473,OBJ,AUT,AUT_2,1.2,1.2-OBJ-1-AUT-CAL,0
23473,OBJ,AUT,AUT_3,1.2,1.2-OBJ-1-AUT-RAG,0
23473,OBJ,NT,NT_1,1.2,1.2-OBJ-1-NT-BOB,1
23473,OBJ,NT,NT_2,1.2,1.2-OBJ-1-NT-STE,1
23473,SUBJ,AUT,AUT_1,1.4,1.4-SUB-2-AUT-ALE,1
23473,SUBJ,AUT,AUT_2,1.4,1.4-SUB-2-AUT-CAL,1
23473,SUBJ,AUT,AUT_3,1.4,1.4-SUB-2-AUT-RAG,1
23473,SUBJ,NT,NT_3,1.4,1.4-SUB-2-NT-SAM,0
23473,SUBJ,AUT,AUT_1,2.3,2.3-SUB-1-AUT-ALE,0
23473,SUBJ,AUT,AUT_2,2.3,2.3-SUB-1-AUT-CAL,1
23473,SUBJ,NT,NT_3,2.3,2.3-SUB-1-AUT-SAM,1
23473,SUBJ,NT,NT_2,2.3,2.3-SUB-1-NT-STE,0
23473,OBJ,AUT,AUT_1,3.3,3.3-OBJ-2-AUT-ALE,1
23473,OBJ,AUT,AUT_2,3.3,3.3-OBJ-2-AUT-CAL,0
23473,OBJ,AUT,AUT_3,3.3,3.3-OBJ-2-AUT-RAG,0
23473,OBJ,NT,NT_2,3.3,3.3-OBJ-2-NT-STE,0
23473,OBJ,NT,NT_3,3.3,3.3-OBJ-2-NT-SAM,1
23473,OBJ,AUT,AUT_1,5.3,5.3-OBJ-1-AUT-ALE,1
23473,OBJ,AUT,AUT_2,5.3,5.3-OBJ-1-AUT-CAL,0
23473,OBJ,AUT,AUT_3,5.3,5.3-OBJ-1-AUT-RAG,1
23473,OBJ,NT,NT_1,5.3,5.3-OBJ-1-NT-BOB,1
23473,OBJ,NT,NT_2,5.3,5.3-OBJ-1-NT-STE,0
23473,OBJ,NT,NT_3,5.3,5.3-OBJ-1-NT-SAM,0
23473,SUBJ,AUT,AUT_1,5.5,5.5-SUB-2-AUT-ALE,1
23473,SUBJ,AUT,AUT_2,5.5,5.5-SUB-2-AUT-CAL,1
23473,SUBJ,AUT,AUT_3,5.5,5.5-SUB-2-AUT-RAG,1
23473,SUBJ,NT,NT_2,5.5,5.5-SUB-2-NT-STE,0
23473,SUBJ,NT,NT_3,5.5,5.5-SUB-2-NT-SAM,1
23473,CON,AUT,AUT_1,1.3,1.3-CON-2-AUT-ALE,0
23473,CON,AUT,AUT_2,1.3,1.3-CON-2-AUT-CAL,1
23473,CON,NT,NT_1,1.3,1.3-CON-2-NT-BOB,0
23473,CON,NT,NT_2,1.3,1.3-CON-2-NT-STE,0
23473,CON,NT,NT_3,1.3,1.3-CON-2-NT-SAM,0
23473,CON,AUT,AUT_1,1.7,1.7-CON-1-AUT-ALE,0
23473,CON,AUT,AUT_2,1.7,1.7-CON-1-AUT-CAL,1
23473,CON,AUT,AUT_3,1.7,1.7-CON-1-AUT-RAG,0
23473,CON,NT,NT_2,1.7,1.7-CON-1-NT-STE,0
23473,CON,NT,NT_3,1.7,1.7-CON-1-NT-SAM,0
23473,CON,AUT,AUT_1,4.4,4.4-CON-2-AUT-ALE,0
23473,CON,AUT,AUT_2,4.4,4.4-CON-2-AUT-CAL,1
23473,CON,AUT,AUT_3,4.4,4.4-CON-2-AUT-RAG,1
23473,CON,NT,NT_1,4.4,4.4-CON-2-NT-BOB,1
23473,CON,NT,NT_2,4.4,4.4-CON-2-NT-STE,1
23473,CON,NT,NT_3,4.4,4.4-CON-2-NT-SAM,1
18820,OBJ,AUT,AUT_1,1.2,1.2-OBJ-1-AUT-ALE,1
18820,OBJ,AUT,AUT_2,1.2,1.2-OBJ-1-AUT-CAL,1
18820,OBJ,AUT,AUT_3,1.2,1.2-OBJ-1-AUT-RAG,1
18820,OBJ,NT,NT_1,1.2,1.2-OBJ-1-NT-BOB,1
18820,OBJ,NT,NT_2,1.2,1.2-OBJ-1-NT-STE,1
18820,SUBJ,AUT,AUT_1,1.4,1.4-SUB-2-AUT-ALE,0
18820,SUBJ,AUT,AUT_2,1.4,1.4-SUB-2-AUT-CAL,0
18820,SUBJ,AUT,AUT_3,1.4,1.4-SUB-2-AUT-RAG,0
18820,SUBJ,NT,NT_3,1.4,1.4-SUB-2-NT-SAM,0
18820,SUBJ,AUT,AUT_1,2.3,2.3-SUB-1-AUT-ALE,0
18820,SUBJ,AUT,AUT_2,2.3,2.3-SUB-1-AUT-CAL,1
18820,SUBJ,NT,NT_3,2.3,2.3-SUB-1-AUT-SAM,1
18820,SUBJ,NT,NT_2,2.3,2.3-SUB-1-NT-STE,1
18820,OBJ,AUT,AUT_1,3.3,3.3-OBJ-2-AUT-ALE,1
18820,OBJ,AUT,AUT_2,3.3,3.3-OBJ-2-AUT-CAL,1
18820,OBJ,AUT,AUT_3,3.3,3.3-OBJ-2-AUT-RAG,1
18820,OBJ,NT,NT_2,3.3,3.3-OBJ-2-NT-STE,1
18820,OBJ,NT,NT_3,3.3,3.3-OBJ-2-NT-SAM,1
18820,OBJ,AUT,AUT_1,5.3,5.3-OBJ-1-AUT-ALE,1
18820,OBJ,AUT,AUT_2,5.3,5.3-OBJ-1-AUT-CAL,1
18820,OBJ,AUT,AUT_3,5.3,5.3-OBJ-1-AUT-RAG,1
18820,OBJ,NT,NT_1,5.3,5.3-OBJ-1-NT-BOB,1
18820,OBJ,NT,NT_2,5.3,5.3-OBJ-1-NT-STE,1
18820,OBJ,NT,NT_3,5.3,5.3-OBJ-1-NT-SAM,1
18820,SUBJ,AUT,AUT_1,5.5,5.5-SUB-2-AUT-ALE,0
18820,SUBJ,AUT,AUT_2,5.5,5.5-SUB-2-AUT-CAL,1
18820,SUBJ,AUT,AUT_3,5.5,5.5-SUB-2-AUT-RAG,1
18820,SUBJ,NT,NT_2,5.5,5.5-SUB-2-NT-STE,0
18820,SUBJ,NT,NT_3,5.5,5.5-SUB-2-NT-SAM,0
18820,CON,AUT,AUT_1,1.3,1.3-CON-2-AUT-ALE,0
18820,CON,AUT,AUT_2,1.3,1.3-CON-2-AUT-CAL,0
18820,CON,NT,NT_1,1.3,1.3-CON-2-NT-BOB,0
18820,CON,NT,NT_2,1.3,1.3-CON-2-NT-STE,1
18820,CON,NT,NT_3,1.3,1.3-CON-2-NT-SAM,0
18820,CON,AUT,AUT_1,1.7,1.7-CON-1-AUT-ALE,0
18820,CON,AUT,AUT_2,1.7,1.7-CON-1-AUT-CAL,0
18820,CON,AUT,AUT_3,1.7,1.7-CON-1-AUT-RAG,0
18820,CON,NT,NT_2,1.7,1.7-CON-1-NT-STE,1
18820,CON,NT,NT_3,1.7,1.7-CON-1-NT-SAM,1
18820,CON,AUT,AUT_1,4.4,4.4-CON-2-AUT-ALE,0
18820,CON,AUT,AUT_2,4.4,4.4-CON-2-AUT-CAL,1
18820,CON,AUT,AUT_3,4.4,4.4-CON-2-AUT-RAG,0
18820,CON,NT,NT_1,4.4,4.4-CON-2-NT-BOB,1
18820,CON,NT,NT_2,4.4,4.4-CON-2-NT-STE,1
18820,CON,NT,NT_3,4.4,4.4-CON-2-NT-SAM,0
18142,OBJ,AUT,AUT_1,1.2,1.2-OBJ-1-AUT-ALE,1
18142,OBJ,AUT,AUT_2,1.2,1.2-OBJ-1-AUT-CAL,0
18142,OBJ,AUT,AUT_3,1.2,1.2-OBJ-1-AUT-RAG,0
18142,OBJ,NT,NT_1,1.2,1.2-OBJ-1-NT-BOB,1
18142,OBJ,NT,NT_2,1.2,1.2-OBJ-1-NT-STE,1
18142,SUBJ,AUT,AUT_1,1.4,1.4-SUB-2-AUT-ALE,1
18142,SUBJ,AUT,AUT_2,1.4,1.4-SUB-2-AUT-CAL,1
18142,SUBJ,AUT,AUT_3,1.4,1.4-SUB-2-AUT-RAG,0
18142,SUBJ,NT,NT_3,1.4,1.4-SUB-2-NT-SAM,0
18142,SUBJ,AUT,AUT_1,2.3,2.3-SUB-1-AUT-ALE,1
18142,SUBJ,AUT,AUT_2,2.3,2.3-SUB-1-AUT-CAL,1
18142,SUBJ,NT,NT_3,2.3,2.3-SUB-1-AUT-SAM,1
18142,SUBJ,NT,NT_2,2.3,2.3-SUB-1-NT-STE,0
18142,OBJ,AUT,AUT_1,3.3,3.3-OBJ-2-AUT-ALE,1
18142,OBJ,AUT,AUT_2,3.3,3.3-OBJ-2-AUT-CAL,0
18142,OBJ,AUT,AUT_3,3.3,3.3-OBJ-2-AUT-RAG,0
18142,OBJ,NT,NT_2,3.3,3.3-OBJ-2-NT-STE,1
18142,OBJ,NT,NT_3,3.3,3.3-OBJ-2-NT-SAM,1
18142,OBJ,AUT,AUT_1,5.3,5.3-OBJ-1-AUT-ALE,1
18142,OBJ,AUT,AUT_2,5.3,5.3-OBJ-1-AUT-CAL,1
18142,OBJ,AUT,AUT_3,5.3,5.3-OBJ-1-AUT-RAG,1
18142,OBJ,NT,NT_1,5.3,5.3-OBJ-1-NT-BOB,0
18142,OBJ,NT,NT_2,5.3,5.3-OBJ-1-NT-STE,1
18142,OBJ,NT,NT_3,5.3,5.3-OBJ-1-NT-SAM,0
18142,SUBJ,AUT,AUT_1,5.5,5.5-SUB-2-AUT-ALE,1
18142,SUBJ,AUT,AUT_2,5.5,5.5-SUB-2-AUT-CAL,1
18142,SUBJ,AUT,AUT_3,5.5,5.5-SUB-2-AUT-RAG,0
18142,SUBJ,NT,NT_2,5.5,5.5-SUB-2-NT-STE,0
18142,SUBJ,NT,NT_3,5.5,5.5-SUB-2-NT-SAM,0
18142,CON,AUT,AUT_1,1.3,1.3-CON-2-AUT-ALE,0
18142,CON,AUT,AUT_2,1.3,1.3-CON-2-AUT-CAL,0
18142,CON,NT,NT_1,1.3,1.3-CON-2-NT-BOB,0
18142,CON,NT,NT_2,1.3,1.3-CON-2-NT-STE,0
18142,CON,NT,NT_3,1.3,1.3-CON-2-NT-SAM,0
18142,CON,AUT,AUT_1,1.7,1.7-CON-1-AUT-ALE,0
18142,CON,AUT,AUT_2,1.7,1.7-CON-1-AUT-CAL,0
18142,CON,AUT,AUT_3,1.7,1.7-CON-1-AUT-RAG,0
18142,CON,NT,NT_2,1.7,1.7-CON-1-NT-STE,0
18142,CON,NT,NT_3,1.7,1.7-CON-1-NT-SAM,0
18142,CON,AUT,AUT_1,4.4,4.4-CON-2-AUT-ALE,0
18142,CON,AUT,AUT_2,4.4,4.4-CON-2-AUT-CAL,0
18142,CON,AUT,AUT_3,4.4,4.4-CON-2-AUT-RAG,0
18142,CON,NT,NT_1,4.4,4.4-CON-2-NT-BOB,0
18142,CON,NT,NT_2,4.4,4.4-CON-2-NT-STE,0
18142,CON,NT,NT_3,4.4,4.4-CON-2-NT-SAM,0
21286,OBJ,AUT,AUT_1,1.2,1.2-OBJ-1-AUT-ALE,0
21286,OBJ,AUT,AUT_2,1.2,1.2-OBJ-1-AUT-CAL,0
21286,OBJ,AUT,AUT_3,1.2,1.2-OBJ-1-AUT-RAG,1
21286,OBJ,NT,NT_1,1.2,1.2-OBJ-1-NT-BOB,1
21286,OBJ,NT,NT_2,1.2,1.2-OBJ-1-NT-STE,1
21286,SUBJ,AUT,AUT_1,1.4,1.4-SUB-2-AUT-ALE,0
21286,SUBJ,AUT,AUT_2,1.4,1.4-SUB-2-AUT-CAL,1
21286,SUBJ,AUT,AUT_3,1.4,1.4-SUB-2-AUT-RAG,1
21286,SUBJ,NT,NT_3,1.4,1.4-SUB-2-NT-SAM,1
21286,SUBJ,AUT,AUT_1,2.3,2.3-SUB-1-AUT-ALE,1
21286,SUBJ,AUT,AUT_2,2.3,2.3-SUB-1-AUT-CAL,1
21286,SUBJ,NT,NT_3,2.3,2.3-SUB-1-AUT-SAM,1
21286,SUBJ,NT,NT_2,2.3,2.3-SUB-1-NT-STE,1
21286,OBJ,AUT,AUT_1,3.3,3.3-OBJ-2-AUT-ALE,1
21286,OBJ,AUT,AUT_2,3.3,3.3-OBJ-2-AUT-CAL,1
21286,OBJ,AUT,AUT_3,3.3,3.3-OBJ-2-AUT-RAG,0
21286,OBJ,NT,NT_2,3.3,3.3-OBJ-2-NT-STE,1
21286,OBJ,NT,NT_3,3.3,3.3-OBJ-2-NT-SAM,1
21286,OBJ,AUT,AUT_1,5.3,5.3-OBJ-1-AUT-ALE,1
21286,OBJ,AUT,AUT_2,5.3,5.3-OBJ-1-AUT-CAL,1
21286,OBJ,AUT,AUT_3,5.3,5.3-OBJ-1-AUT-RAG,0
21286,OBJ,NT,NT_1,5.3,5.3-OBJ-1-NT-BOB,0
21286,OBJ,NT,NT_2,5.3,5.3-OBJ-1-NT-STE,1
21286,OBJ,NT,NT_3,5.3,5.3-OBJ-1-NT-SAM,1
21286,SUBJ,AUT,AUT_1,5.5,5.5-SUB-2-AUT-ALE,0
21286,SUBJ,AUT,AUT_2,5.5,5.5-SUB-2-AUT-CAL,1
21286,SUBJ,AUT,AUT_3,5.5,5.5-SUB-2-AUT-RAG,1
21286,SUBJ,NT,NT_2,5.5,5.5-SUB-2-NT-STE,0
21286,SUBJ,NT,NT_3,5.5,5.5-SUB-2-NT-SAM,1
21286,CON,AUT,AUT_1,1.3,1.3-CON-2-AUT-ALE,0
21286,CON,AUT,AUT_2,1.3,1.3-CON-2-AUT-CAL,0
21286,CON,NT,NT_1,1.3,1.3-CON-2-NT-BOB,0
21286,CON,NT,NT_2,1.3,1.3-CON-2-NT-STE,1
21286,CON,NT,NT_3,1.3,1.3-CON-2-NT-SAM,1
21286,CON,AUT,AUT_1,1.7,1.7-CON-1-AUT-ALE,1
21286,CON,AUT,AUT_2,1.7,1.7-CON-1-AUT-CAL,1
21286,CON,AUT,AUT_3,1.7,1.7-CON-1-AUT-RAG,0
21286,CON,NT,NT_2,1.7,1.7-CON-1-NT-STE,1
21286,CON,NT,NT_3,1.7,1.7-CON-1-NT-SAM,1
21286,CON,AUT,AUT_1,4.4,4.4-CON-2-AUT-ALE,0
21286,CON,AUT,AUT_2,4.4,4.4-CON-2-AUT-CAL,1
21286,CON,AUT,AUT_3,4.4,4.4-CON-2-AUT-RAG,1
21286,CON,NT,NT_1,4.4,4.4-CON-2-NT-BOB,1
21286,CON,NT,NT_2,4.4,4.4-CON-2-NT-STE,1
21286,CON,NT,NT_3,4.4,4.4-CON-2-NT-SAM,0
19798,OBJ,AUT,AUT_1,1.2,1.2-OBJ-1-AUT-ALE,0
19798,OBJ,AUT,AUT_2,1.2,1.2-OBJ-1-AUT-CAL,1
19798,OBJ,AUT,AUT_3,1.2,1.2-OBJ-1-AUT-RAG,1
19798,OBJ,NT,NT_1,1.2,1.2-OBJ-1-NT-BOB,0
19798,OBJ,NT,NT_2,1.2,1.2-OBJ-1-NT-STE,1
19798,SUBJ,AUT,AUT_1,1.4,1.4-SUB-2-AUT-ALE,1
19798,SUBJ,AUT,AUT_2,1.4,1.4-SUB-2-AUT-CAL,0
19798,SUBJ,AUT,AUT_3,1.4,1.4-SUB-2-AUT-RAG,1
19798,SUBJ,NT,NT_3,1.4,1.4-SUB-2-NT-SAM,0
19798,SUBJ,AUT,AUT_1,2.3,2.3-SUB-1-AUT-ALE,0
19798,SUBJ,AUT,AUT_2,2.3,2.3-SUB-1-AUT-CAL,1
19798,SUBJ,NT,NT_3,2.3,2.3-SUB-1-AUT-SAM,1
19798,SUBJ,NT,NT_2,2.3,2.3-SUB-1-NT-STE,0
19798,OBJ,AUT,AUT_1,3.3,3.3-OBJ-2-AUT-ALE,0
19798,OBJ,AUT,AUT_2,3.3,3.3-OBJ-2-AUT-CAL,0
19798,OBJ,AUT,AUT_3,3.3,3.3-OBJ-2-AUT-RAG,1
19798,OBJ,NT,NT_2,3.3,3.3-OBJ-2-NT-STE,1
19798,OBJ,NT,NT_3,3.3,3.3-OBJ-2-NT-SAM,1
19798,OBJ,AUT,AUT_1,5.3,5.3-OBJ-1-AUT-ALE,1
19798,OBJ,AUT,AUT_2,5.3,5.3-OBJ-1-AUT-CAL,0
19798,OBJ,AUT,AUT_3,5.3,5.3-OBJ-1-AUT-RAG,1
19798,OBJ,NT,NT_1,5.3,5.3-OBJ-1-NT-BOB,1
19798,OBJ,NT,NT_2,5.3,5.3-OBJ-1-NT-STE,0
19798,OBJ,NT,NT_3,5.3,5.3-OBJ-1-NT-SAM,1
19798,SUBJ,AUT,AUT_1,5.5,5.5-SUB-2-AUT-ALE,1
19798,SUBJ,AUT,AUT_2,5.5,5.5-SUB-2-AUT-CAL,1
19798,SUBJ,AUT,AUT_3,5.5,5.5-SUB-2-AUT-RAG,0
19798,SUBJ,NT,NT_2,5.5,5.5-SUB-2-NT-STE,0
19798,SUBJ,NT,NT_3,5.5,5.5-SUB-2-NT-SAM,0
19798,CON,AUT,AUT_1,1.3,1.3-CON-2-AUT-ALE,0
19798,CON,AUT,AUT_2,1.3,1.3-CON-2-AUT-CAL,0
19798,CON,NT,NT_1,1.3,1.3-CON-2-NT-BOB,0
19798,CON,NT,NT_2,1.3,1.3-CON-2-NT-STE,0
19798,CON,NT,NT_3,1.3,1.3-CON-2-NT-SAM,0
19798,CON,AUT,AUT_1,1.7,1.7-CON-1-AUT-ALE,1
19798,CON,AUT,AUT_2,1.7,1.7-CON-1-AUT-CAL,0
19798,CON,AUT,AUT_3,1.7,1.7-CON-1-AUT-RAG,1
19798,CON,NT,NT_2,1.7,1.7-CON-1-NT-STE,0
19798,CON,NT,NT_3,1.7,1.7-CON-1-NT-SAM,0
19798,CON,AUT,AUT_1,4.4,4.4-CON-2-AUT-ALE,0
19798,CON,AUT,AUT_2,4.4,4.4-CON-2-AUT-CAL,0
19798,CON,AUT,AUT_3,4.4,4.4-CON-2-AUT-RAG,0
19798,CON,NT,NT_1,4.4,4.4-CON-2-NT-BOB,0
19798,CON,NT,NT_2,4.4,4.4-CON-2-NT-STE,0
19798,CON,NT,NT_3,4.4,4.4-CON-2-NT-SAM,0
19165,OBJ,AUT,AUT_1,1.2,1.2-OBJ-1-AUT-ALE,1
19165,OBJ,AUT,AUT_2,1.2,1.2-OBJ-1-AUT-CAL,1
19165,OBJ,AUT,AUT_3,1.2,1.2-OBJ-1-AUT-RAG,1
19165,OBJ,NT,NT_1,1.2,1.2-OBJ-1-NT-BOB,1
19165,OBJ,NT,NT_2,1.2,1.2-OBJ-1-NT-STE,1
19165,SUBJ,AUT,AUT_1,1.4,1.4-SUB-2-AUT-ALE,1
19165,SUBJ,AUT,AUT_2,1.4,1.4-SUB-2-AUT-CAL,1
19165,SUBJ,AUT,AUT_3,1.4,1.4-SUB-2-AUT-RAG,1
19165,SUBJ,NT,NT_3,1.4,1.4-SUB-2-NT-SAM,1
19165,SUBJ,AUT,AUT_1,2.3,2.3-SUB-1-AUT-ALE,1
19165,SUBJ,AUT,AUT_2,2.3,2.3-SUB-1-AUT-CAL,1
19165,SUBJ,NT,NT_3,2.3,2.3-SUB-1-AUT-SAM,1
19165,SUBJ,NT,NT_2,2.3,2.3-SUB-1-NT-STE,1
19165,OBJ,AUT,AUT_1,3.3,3.3-OBJ-2-AUT-ALE,1
19165,OBJ,AUT,AUT_2,3.3,3.3-OBJ-2-AUT-CAL,1
19165,OBJ,AUT,AUT_3,3.3,3.3-OBJ-2-AUT-RAG,1
19165,OBJ,NT,NT_2,3.3,3.3-OBJ-2-NT-STE,1
19165,OBJ,NT,NT_3,3.3,3.3-OBJ-2-NT-SAM,1
19165,OBJ,AUT,AUT_1,5.3,5.3-OBJ-1-AUT-ALE,0
19165,OBJ,AUT,AUT_2,5.3,5.3-OBJ-1-AUT-CAL,0
19165,OBJ,AUT,AUT_3,5.3,5.3-OBJ-1-AUT-RAG,0
19165,OBJ,NT,NT_1,5.3,5.3-OBJ-1-NT-BOB,0
19165,OBJ,NT,NT_2,5.3,5.3-OBJ-1-NT-STE,0
19165,OBJ,NT,NT_3,5.3,5.3-OBJ-1-NT-SAM,0
19165,SUBJ,AUT,AUT_1,5.5,5.5-SUB-2-AUT-ALE,1
19165,SUBJ,AUT,AUT_2,5.5,5.5-SUB-2-AUT-CAL,1
19165,SUBJ,AUT,AUT_3,5.5,5.5-SUB-2-AUT-RAG,1
19165,SUBJ,NT,NT_2,5.5,5.5-SUB-2-NT-STE,1
19165,SUBJ,NT,NT_3,5.5,5.5-SUB-2-NT-SAM,1
19165,CON,AUT,AUT_1,1.3,1.3-CON-2-AUT-ALE,0
19165,CON,AUT,AUT_2,1.3,1.3-CON-2-AUT-CAL,0
19165,CON,NT,NT_1,1.3,1.3-CON-2-NT-BOB,0
19165,CON,NT,NT_2,1.3,1.3-CON-2-NT-STE,0
19165,CON,NT,NT_3,1.3,1.3-CON-2-NT-SAM,0
19165,CON,AUT,AUT_1,1.7,1.7-CON-1-AUT-ALE,0
19165,CON,AUT,AUT_2,1.7,1.7-CON-1-AUT-CAL,0
19165,CON,AUT,AUT_3,1.7,1.7-CON-1-AUT-RAG,0
19165,CON,NT,NT_2,1.7,1.7-CON-1-NT-STE,0
19165,CON,NT,NT_3,1.7,1.7-CON-1-NT-SAM,0
19165,CON,AUT,AUT_1,4.4,4.4-CON-2-AUT-ALE,1
19165,CON,AUT,AUT_2,4.4,4.4-CON-2-AUT-CAL,1
19165,CON,AUT,AUT_3,4.4,4.4-CON-2-AUT-RAG,1
19165,CON,NT,NT_1,4.4,4.4-CON-2-NT-BOB,1
19165,CON,NT,NT_2,4.4,4.4-CON-2-NT-STE,1
19165,CON,NT,NT_3,4.4,4.4-CON-2-NT-SAM,1
23404,OBJ,AUT,AUT_1,1.2,1.2-OBJ-1-AUT-ALE,1
23404,OBJ,AUT,AUT_2,1.2,1.2-OBJ-1-AUT-CAL,1
23404,OBJ,AUT,AUT_3,1.2,1.2-OBJ-1-AUT-RAG,0
23404,OBJ,NT,NT_1,1.2,1.2-OBJ-1-NT-BOB,1
23404,OBJ,NT,NT_2,1.2,1.2-OBJ-1-NT-STE,1
23404,SUBJ,AUT,AUT_1,1.4,1.4-SUB-2-AUT-ALE,1
23404,SUBJ,AUT,AUT_2,1.4,1.4-SUB-2-AUT-CAL,1
23404,SUBJ,AUT,AUT_3,1.4,1.4-SUB-2-AUT-RAG,1
23404,SUBJ,NT,NT_3,1.4,1.4-SUB-2-NT-SAM,1
23404,SUBJ,AUT,AUT_1,2.3,2.3-SUB-1-AUT-ALE,0
23404,SUBJ,AUT,AUT_2,2.3,2.3-SUB-1-AUT-CAL,1
23404,SUBJ,NT,NT_3,2.3,2.3-SUB-1-AUT-SAM,1
23404,SUBJ,NT,NT_2,2.3,2.3-SUB-1-NT-STE,0
23404,OBJ,AUT,AUT_1,3.3,3.3-OBJ-2-AUT-ALE,1
23404,OBJ,AUT,AUT_2,3.3,3.3-OBJ-2-AUT-CAL,1
23404,OBJ,AUT,AUT_3,3.3,3.3-OBJ-2-AUT-RAG,1
23404,OBJ,NT,NT_2,3.3,3.3-OBJ-2-NT-STE,1
23404,OBJ,NT,NT_3,3.3,3.3-OBJ-2-NT-SAM,1
23404,OBJ,AUT,AUT_1,5.3,5.3-OBJ-1-AUT-ALE,1
23404,OBJ,AUT,AUT_2,5.3,5.3-OBJ-1-AUT-CAL,0
23404,OBJ,AUT,AUT_3,5.3,5.3-OBJ-1-AUT-RAG,1
23404,OBJ,NT,NT_1,5.3,5.3-OBJ-1-NT-BOB,1
23404,OBJ,NT,NT_2,5.3,5.3-OBJ-1-NT-STE,1
23404,OBJ,NT,NT_3,5.3,5.3-OBJ-1-NT-SAM,1
23404,SUBJ,AUT,AUT_1,5.5,5.5-SUB-2-AUT-ALE,1
23404,SUBJ,AUT,AUT_2,5.5,5.5-SUB-2-AUT-CAL,1
23404,SUBJ,AUT,AUT_3,5.5,5.5-SUB-2-AUT-RAG,1
23404,SUBJ,NT,NT_2,5.5,5.5-SUB-2-NT-STE,0
23404,SUBJ,NT,NT_3,5.5,5.5-SUB-2-NT-SAM,0
23404,CON,AUT,AUT_1,1.3,1.3-CON-2-AUT-ALE,0
23404,CON,AUT,AUT_2,1.3,1.3-CON-2-AUT-CAL,1
23404,CON,NT,NT_1,1.3,1.3-CON-2-NT-BOB,0
23404,CON,NT,NT_2,1.3,1.3-CON-2-NT-STE,0
23404,CON,NT,NT_3,1.3,1.3-CON-2-NT-SAM,0
23404,CON,AUT,AUT_1,1.7,1.7-CON-1-AUT-ALE,0
23404,CON,AUT,AUT_2,1.7,1.7-CON-1-AUT-CAL,1
23404,CON,AUT,AUT_3,1.7,1.7-CON-1-AUT-RAG,0
23404,CON,NT,NT_2,1.7,1.7-CON-1-NT-STE,0
23404,CON,NT,NT_3,1.7,1.7-CON-1-NT-SAM,0
23404,CON,AUT,AUT_1,4.4,4.4-CON-2-AUT-ALE,0
23404,CON,AUT,AUT_2,4.4,4.4-CON-2-AUT-CAL,1
23404,CON,AUT,AUT_3,4.4,4.4-CON-2-AUT-RAG,1
23404,CON,NT,NT_1,4.4,4.4-CON-2-NT-BOB,1
23404,CON,NT,NT_2,4.4,4.4-CON-2-NT-STE,1
23404,CON,NT,NT_3,4.4,4.4-CON-2-NT-SAM,1
23566,OBJ,AUT,AUT_1,1.2,1.2-OBJ-1-AUT-ALE,0
23566,OBJ,AUT,AUT_2,1.2,1.2-OBJ-1-AUT-CAL,0
23566,OBJ,AUT,AUT_3,1.2,1.2-OBJ-1-AUT-RAG,0
23566,OBJ,NT,NT_1,1.2,1.2-OBJ-1-NT-BOB,0
23566,OBJ,NT,NT_2,1.2,1.2-OBJ-1-NT-STE,0
23566,SUBJ,AUT,AUT_1,1.4,1.4-SUB-2-AUT-ALE,1
23566,SUBJ,AUT,AUT_2,1.4,1.4-SUB-2-AUT-CAL,1
23566,SUBJ,AUT,AUT_3,1.4,1.4-SUB-2-AUT-RAG,1
23566,SUBJ,NT,NT_3,1.4,1.4-SUB-2-NT-SAM,1
23566,SUBJ,AUT,AUT_1,2.3,2.3-SUB-1-AUT-ALE,1
23566,SUBJ,AUT,AUT_2,2.3,2.3-SUB-1-AUT-CAL,1
23566,SUBJ,NT,NT_3,2.3,2.3-SUB-1-AUT-SAM,1
23566,SUBJ,NT,NT_2,2.3,2.3-SUB-1-NT-STE,1
23566,OBJ,AUT,AUT_1,3.3,3.3-OBJ-2-AUT-ALE,0
23566,OBJ,AUT,AUT_2,3.3,3.3-OBJ-2-AUT-CAL,0
23566,OBJ,AUT,AUT_3,3.3,3.3-OBJ-2-AUT-RAG,0
23566,OBJ,NT,NT_2,3.3,3.3-OBJ-2-NT-STE,0
23566,OBJ,NT,NT_3,3.3,3.3-OBJ-2-NT-SAM,0
23566,OBJ,AUT,AUT_1,5.3,5.3-OBJ-1-AUT-ALE,0
23566,OBJ,AUT,AUT_2,5.3,5.3-OBJ-1-AUT-CAL,0
23566,OBJ,AUT,AUT_3,5.3,5.3-OBJ-1-AUT-RAG,0
23566,OBJ,NT,NT_1,5.3,5.3-OBJ-1-NT-BOB,0
23566,OBJ,NT,NT_2,5.3,5.3-OBJ-1-NT-STE,0
23566,OBJ,NT,NT_3,5.3,5.3-OBJ-1-NT-SAM,0
23566,SUBJ,AUT,AUT_1,5.5,5.5-SUB-2-AUT-ALE,1
23566,SUBJ,AUT,AUT_2,5.5,5.5-SUB-2-AUT-CAL,1
23566,SUBJ,AUT,AUT_3,5.5,5.5-SUB-2-AUT-RAG,1
23566,SUBJ,NT,NT_2,5.5,5.5-SUB-2-NT-STE,1
23566,SUBJ,NT,NT_3,5.5,5.5-SUB-2-NT-SAM,1
23566,CON,AUT,AUT_1,1.3,1.3-CON-2-AUT-ALE,0
23566,CON,AUT,AUT_2,1.3,1.3-CON-2-AUT-CAL,0
23566,CON,NT,NT_1,1.3,1.3-CON-2-NT-BOB,0
23566,CON,NT,NT_2,1.3,1.3-CON-2-NT-STE,0
23566,CON,NT,NT_3,1.3,1.3-CON-2-NT-SAM,0
23566,CON,AUT,AUT_1,1.7,1.7-CON-1-AUT-ALE,0
23566,CON,AUT,AUT_2,1.7,1.7-CON-1-AUT-CAL,0
23566,CON,AUT,AUT_3,1.7,1.7-CON-1-AUT-RAG,0
23566,CON,NT,NT_2,1.7,1.7-CON-1-NT-STE,0
23566,CON,NT,NT_3,1.7,1.7-CON-1-NT-SAM,0
23566,CON,AUT,AUT_1,4.4,4.4-CON-2-AUT-ALE,0
23566,CON,AUT,AUT_2,4.4,4.4-CON-2-AUT-CAL,0
23566,CON,AUT,AUT_3,4.4,4.4-CON-2-AUT-RAG,0
23566,CON,NT,NT_1,4.4,4.4-CON-2-NT-BOB,0
23566,CON,NT,NT_2,4.4,4.4-CON-2-NT-STE,0
23566,CON,NT,NT_3,4.4,4.4-CON-2-NT-SAM,0
24121,OBJ,AUT,AUT_1,1.2,1.2-OBJ-1-AUT-ALE,1
24121,OBJ,AUT,AUT_2,1.2,1.2-OBJ-1-AUT-CAL,0
24121,OBJ,AUT,AUT_3,1.2,1.2-OBJ-1-AUT-RAG,0
24121,OBJ,NT,NT_1,1.2,1.2-OBJ-1-NT-BOB,1
24121,OBJ,NT,NT_2,1.2,1.2-OBJ-1-NT-STE,1
24121,SUBJ,AUT,AUT_1,1.4,1.4-SUB-2-AUT-ALE,1
24121,SUBJ,AUT,AUT_2,1.4,1.4-SUB-2-AUT-CAL,0
24121,SUBJ,AUT,AUT_3,1.4,1.4-SUB-2-AUT-RAG,0
24121,SUBJ,NT,NT_3,1.4,1.4-SUB-2-NT-SAM,0
24121,SUBJ,AUT,AUT_1,2.3,2.3-SUB-1-AUT-ALE,0
24121,SUBJ,AUT,AUT_2,2.3,2.3-SUB-1-AUT-CAL,1
24121,SUBJ,NT,NT_3,2.3,2.3-SUB-1-AUT-SAM,1
24121,SUBJ,NT,NT_2,2.3,2.3-SUB-1-NT-STE,1
24121,OBJ,AUT,AUT_1,3.3,3.3-OBJ-2-AUT-ALE,1
24121,OBJ,AUT,AUT_2,3.3,3.3-OBJ-2-AUT-CAL,1
24121,OBJ,AUT,AUT_3,3.3,3.3-OBJ-2-AUT-RAG,0
24121,OBJ,NT,NT_2,3.3,3.3-OBJ-2-NT-STE,1
24121,OBJ,NT,NT_3,3.3,3.3-OBJ-2-NT-SAM,1
24121,OBJ,AUT,AUT_1,5.3,5.3-OBJ-1-AUT-ALE,1
24121,OBJ,AUT,AUT_2,5.3,5.3-OBJ-1-AUT-CAL,1
24121,OBJ,AUT,AUT_3,5.3,5.3-OBJ-1-AUT-RAG,1
24121,OBJ,NT,NT_1,5.3,5.3-OBJ-1-NT-BOB,1
24121,OBJ,NT,NT_2,5.3,5.3-OBJ-1-NT-STE,1
24121,OBJ,NT,NT_3,5.3,5.3-OBJ-1-NT-SAM,1
24121,SUBJ,AUT,AUT_1,5.5,5.5-SUB-2-AUT-ALE,0
24121,SUBJ,AUT,AUT_2,5.5,5.5-SUB-2-AUT-CAL,1
24121,SUBJ,AUT,AUT_3,5.5,5.5-SUB-2-AUT-RAG,0
24121,SUBJ,NT,NT_2,5.5,5.5-SUB-2-NT-STE,0
24121,SUBJ,NT,NT_3,5.5,5.5-SUB-2-NT-SAM,0
24121,CON,AUT,AUT_1,1.3,1.3-CON-2-AUT-ALE,0
24121,CON,AUT,AUT_2,1.3,1.3-CON-2-AUT-CAL,1
24121,CON,NT,NT_1,1.3,1.3-CON-2-NT-BOB,0
24121,CON,NT,NT_2,1.3,1.3-CON-2-NT-STE,1
24121,CON,NT,NT_3,1.3,1.3-CON-2-NT-SAM,1
24121,CON,AUT,AUT_1,1.7,1.7-CON-1-AUT-ALE,0
24121,CON,AUT,AUT_2,1.7,1.7-CON-1-AUT-CAL,0
24121,CON,AUT,AUT_3,1.7,1.7-CON-1-AUT-RAG,1
24121,CON,NT,NT_2,1.7,1.7-CON-1-NT-STE,1
24121,CON,NT,NT_3,1.7,1.7-CON-1-NT-SAM,1
24121,CON,AUT,AUT_1,4.4,4.4-CON-2-AUT-ALE,0
24121,CON,AUT,AUT_2,4.4,4.4-CON-2-AUT-CAL,1
24121,CON,AUT,AUT_3,4.4,4.4-CON-2-AUT-RAG,1
24121,CON,NT,NT_1,4.4,4.4-CON-2-NT-BOB,1
24121,CON,NT,NT_2,4.4,4.4-CON-2-NT-STE,1
24121,CON,NT,NT_3,4.4,4.4-CON-2-NT-SAM,0
22354,OBJ,AUT,AUT_1,1.2,1.2-OBJ-1-AUT-ALE,1
22354,OBJ,AUT,AUT_2,1.2,1.2-OBJ-1-AUT-CAL,1
22354,OBJ,AUT,AUT_3,1.2,1.2-OBJ-1-AUT-RAG,0
22354,OBJ,NT,NT_1,1.2,1.2-OBJ-1-NT-BOB,1
22354,OBJ,NT,NT_2,1.2,1.2-OBJ-1-NT-STE,1
22354,SUBJ,AUT,AUT_1,1.4,1.4-SUB-2-AUT-ALE,1
22354,SUBJ,AUT,AUT_2,1.4,1.4-SUB-2-AUT-CAL,1
22354,SUBJ,AUT,AUT_3,1.4,1.4-SUB-2-AUT-RAG,0
22354,SUBJ,NT,NT_3,1.4,1.4-SUB-2-NT-SAM,0
22354,SUBJ,AUT,AUT_1,2.3,2.3-SUB-1-AUT-ALE,0
22354,SUBJ,AUT,AUT_2,2.3,2.3-SUB-1-AUT-CAL,1
22354,SUBJ,NT,NT_3,2.3,2.3-SUB-1-AUT-SAM,1
22354,SUBJ,NT,NT_2,2.3,2.3-SUB-1-NT-STE,0
22354,OBJ,AUT,AUT_1,3.3,3.3-OBJ-2-AUT-ALE,1
22354,OBJ,AUT,AUT_2,3.3,3.3-OBJ-2-AUT-CAL,1
22354,OBJ,AUT,AUT_3,3.3,3.3-OBJ-2-AUT-RAG,0
22354,OBJ,NT,NT_2,3.3,3.3-OBJ-2-NT-STE,1
22354,OBJ,NT,NT_3,3.3,3.3-OBJ-2-NT-SAM,1
22354,OBJ,AUT,AUT_1,5.3,5.3-OBJ-1-AUT-ALE,1
22354,OBJ,AUT,AUT_2,5.3,5.3-OBJ-1-AUT-CAL,0
22354,OBJ,AUT,AUT_3,5.3,5.3-OBJ-1-AUT-RAG,1
22354,OBJ,NT,NT_1,5.3,5.3-OBJ-1-NT-BOB,1
22354,OBJ,NT,NT_2,5.3,5.3-OBJ-1-NT-STE,0
22354,OBJ,NT,NT_3,5.3,5.3-OBJ-1-NT-SAM,0
22354,SUBJ,AUT,AUT_1,5.5,5.5-SUB-2-AUT-ALE,0
22354,SUBJ,AUT,AUT_2,5.5,5.5-SUB-2-AUT-CAL,1
22354,SUBJ,AUT,AUT_3,5.5,5.5-SUB-2-AUT-RAG,1
22354,SUBJ,NT,NT_2,5.5,5.5-SUB-2-NT-STE,0
22354,SUBJ,NT,NT_3,5.5,5.5-SUB-2-NT-SAM,1
22354,CON,AUT,AUT_1,1.3,1.3-CON-2-AUT-ALE,0
22354,CON,AUT,AUT_2,1.3,1.3-CON-2-AUT-CAL,0
22354,CON,NT,NT_1,1.3,1.3-CON-2-NT-BOB,0
22354,CON,NT,NT_2,1.3,1.3-CON-2-NT-STE,1
22354,CON,NT,NT_3,1.3,1.3-CON-2-NT-SAM,0
22354,CON,AUT,AUT_1,1.7,1.7-CON-1-AUT-ALE,0
22354,CON,AUT,AUT_2,1.7,1.7-CON-1-AUT-CAL,0
22354,CON,AUT,AUT_3,1.7,1.7-CON-1-AUT-RAG,1
22354,CON,NT,NT_2,1.7,1.7-CON-1-NT-STE,0
22354,CON,NT,NT_3,1.7,1.7-CON-1-NT-SAM,1
22354,CON,AUT,AUT_1,4.4,4.4-CON-2-AUT-ALE,0
22354,CON,AUT,AUT_2,4.4,4.4-CON-2-AUT-CAL,1
22354,CON,AUT,AUT_3,4.4,4.4-CON-2-AUT-RAG,1
22354,CON,NT,NT_1,4.4,4.4-CON-2-NT-BOB,0
22354,CON,NT,NT_2,4.4,4.4-CON-2-NT-STE,1
22354,CON,NT,NT_3,4.4,4.4-CON-2-NT-SAM,0
23980,OBJ,AUT,AUT_1,1.2,1.2-OBJ-1-AUT-ALE,0
23980,OBJ,AUT,AUT_2,1.2,1.2-OBJ-1-AUT-CAL,1
23980,OBJ,AUT,AUT_3,1.2,1.2-OBJ-1-AUT-RAG,1
23980,OBJ,NT,NT_1,1.2,1.2-OBJ-1-NT-BOB,1
23980,OBJ,NT,NT_2,1.2,1.2-OBJ-1-NT-STE,0
23980,SUBJ,AUT,AUT_1,1.4,1.4-SUB-2-AUT-ALE,1
23980,SUBJ,AUT,AUT_2,1.4,1.4-SUB-2-AUT-CAL,0
23980,SUBJ,AUT,AUT_3,1.4,1.4-SUB-2-AUT-RAG,1
23980,SUBJ,NT,NT_3,1.4,1.4-SUB-2-NT-SAM,0
23980,SUBJ,AUT,AUT_1,2.3,2.3-SUB-1-AUT-ALE,1
23980,SUBJ,AUT,AUT_2,2.3,2.3-SUB-1-AUT-CAL,1
23980,SUBJ,NT,NT_3,2.3,2.3-SUB-1-AUT-SAM,1
23980,SUBJ,NT,NT_2,2.3,2.3-SUB-1-NT-STE,1
23980,OBJ,AUT,AUT_1,3.3,3.3-OBJ-2-AUT-ALE,1
23980,OBJ,AUT,AUT_2,3.3,3.3-OBJ-2-AUT-CAL,0
23980,OBJ,AUT,AUT_3,3.3,3.3-OBJ-2-AUT-RAG,0
23980,OBJ,NT,NT_2,3.3,3.3-OBJ-2-NT-STE,1
23980,OBJ,NT,NT_3,3.3,3.3-OBJ-2-NT-SAM,1
23980,OBJ,AUT,AUT_1,5.3,5.3-OBJ-1-AUT-ALE,0
23980,OBJ,AUT,AUT_2,5.3,5.3-OBJ-1-AUT-CAL,1
23980,OBJ,AUT,AUT_3,5.3,5.3-OBJ-1-AUT-RAG,1
23980,OBJ,NT,NT_1,5.3,5.3-OBJ-1-NT-BOB,1
23980,OBJ,NT,NT_2,5.3,5.3-OBJ-1-NT-STE,1
23980,OBJ,NT,NT_3,5.3,5.3-OBJ-1-NT-SAM,1
23980,SUBJ,AUT,AUT_1,5.5,5.5-SUB-2-AUT-ALE,0
23980,SUBJ,AUT,AUT_2,5.5,5.5-SUB-2-AUT-CAL,1
23980,SUBJ,AUT,AUT_3,5.5,5.5-SUB-2-AUT-RAG,1
23980,SUBJ,NT,NT_2,5.5,5.5-SUB-2-NT-STE,0
23980,SUBJ,NT,NT_3,5.5,5.5-SUB-2-NT-SAM,0
23980,CON,AUT,AUT_1,1.3,1.3-CON-2-AUT-ALE,0
23980,CON,AUT,AUT_2,1.3,1.3-CON-2-AUT-CAL,1
23980,CON,NT,NT_1,1.3,1.3-CON-2-NT-BOB,1
23980,CON,NT,NT_2,1.3,1.3-CON-2-NT-STE,1
23980,CON,NT,NT_3,1.3,1.3-CON-2-NT-SAM,0
23980,CON,AUT,AUT_1,1.7,1.7-CON-1-AUT-ALE,0
23980,CON,AUT,AUT_2,1.7,1.7-CON-1-AUT-CAL,0
23980,CON,AUT,AUT_3,1.7,1.7-CON-1-AUT-RAG,0
23980,CON,NT,NT_2,1.7,1.7-CON-1-NT-STE,0
23980,CON,NT,NT_3,1.7,1.7-CON-1-NT-SAM,0
23980,CON,AUT,AUT_1,4.4,4.4-CON-2-AUT-ALE,1
23980,CON,AUT,AUT_2,4.4,4.4-CON-2-AUT-CAL,1
23980,CON,AUT,AUT_3,4.4,4.4-CON-2-AUT-RAG,1
23980,CON,NT,NT_1,4.4,4.4-CON-2-NT-BOB,1
23980,CON,NT,NT_2,4.4,4.4-CON-2-NT-STE,1
23980,CON,NT,NT_3,4.4,4.4-CON-2-NT-SAM,1
17905,OBJ,AUT,AUT_1,1.2,1.2-OBJ-1-AUT-ALE,0
17905,OBJ,AUT,AUT_2,1.2,1.2-OBJ-1-AUT-CAL,0
17905,OBJ,AUT,AUT_3,1.2,1.2-OBJ-1-AUT-RAG,0
17905,OBJ,NT,NT_1,1.2,1.2-OBJ-1-NT-BOB,1
17905,OBJ,NT,NT_2,1.2,1.2-OBJ-1-NT-STE,1
17905,SUBJ,AUT,AUT_1,1.4,1.4-SUB-2-AUT-ALE,0
17905,SUBJ,AUT,AUT_2,1.4,1.4-SUB-2-AUT-CAL,0
17905,SUBJ,AUT,AUT_3,1.4,1.4-SUB-2-AUT-RAG,0
17905,SUBJ,NT,NT_3,1.4,1.4-SUB-2-NT-SAM,0
17905,SUBJ,AUT,AUT_1,2.3,2.3-SUB-1-AUT-ALE,1
17905,SUBJ,AUT,AUT_2,2.3,2.3-SUB-1-AUT-CAL,0
17905,SUBJ,NT,NT_3,2.3,2.3-SUB-1-AUT-SAM,1
17905,SUBJ,NT,NT_2,2.3,2.3-SUB-1-NT-STE,1
17905,OBJ,AUT,AUT_1,3.3,3.3-OBJ-2-AUT-ALE,1
17905,OBJ,AUT,AUT_2,3.3,3.3-OBJ-2-AUT-CAL,0
17905,OBJ,AUT,AUT_3,3.3,3.3-OBJ-2-AUT-RAG,1
17905,OBJ,NT,NT_2,3.3,3.3-OBJ-2-NT-STE,1
17905,OBJ,NT,NT_3,3.3,3.3-OBJ-2-NT-SAM,1
17905,OBJ,AUT,AUT_1,5.3,5.3-OBJ-1-AUT-ALE,0
17905,OBJ,AUT,AUT_2,5.3,5.3-OBJ-1-AUT-CAL,0
17905,OBJ,AUT,AUT_3,5.3,5.3-OBJ-1-AUT-RAG,1
17905,OBJ,NT,NT_1,5.3,5.3-OBJ-1-NT-BOB,0
17905,OBJ,NT,NT_2,5.3,5.3-OBJ-1-NT-STE,1
17905,OBJ,NT,NT_3,5.3,5.3-OBJ-1-NT-SAM,0
17905,SUBJ,AUT,AUT_1,5.5,5.5-SUB-2-AUT-ALE,0
17905,SUBJ,AUT,AUT_2,5.5,5.5-SUB-2-AUT-CAL,0
17905,SUBJ,AUT,AUT_3,5.5,5.5-SUB-2-AUT-RAG,0
17905,SUBJ,NT,NT_2,5.5,5.5-SUB-2-NT-STE,0
17905,SUBJ,NT,NT_3,5.5,5.5-SUB-2-NT-SAM,0
17905,CON,AUT,AUT_1,1.3,1.3-CON-2-AUT-ALE,0
17905,CON,AUT,AUT_2,1.3,1.3-CON-2-AUT-CAL,0
17905,CON,NT,NT_1,1.3,1.3-CON-2-NT-BOB,0
17905,CON,NT,NT_2,1.3,1.3-CON-2-NT-STE,0
17905,CON,NT,NT_3,1.3,1.3-CON-2-NT-SAM,0
17905,CON,AUT,AUT_1,1.7,1.7-CON-1-AUT-ALE,0
17905,CON,AUT,AUT_2,1.7,1.7-CON-1-AUT-CAL,0
17905,CON,AUT,AUT_3,1.7,1.7-CON-1-AUT-RAG,1
17905,CON,NT,NT_2,1.7,1.7-CON-1-NT-STE,0
17905,CON,NT,NT_3,1.7,1.7-CON-1-NT-SAM,0
17905,CON,AUT,AUT_1,4.4,4.4-CON-2-AUT-ALE,0
17905,CON,AUT,AUT_2,4.4,4.4-CON-2-AUT-CAL,0
17905,CON,AUT,AUT_3,4.4,4.4-CON-2-AUT-RAG,0
17905,CON,NT,NT_1,4.4,4.4-CON-2-NT-BOB,0
17905,CON,NT,NT_2,4.4,4.4-CON-2-NT-STE,0
17905,CON,NT,NT_3,4.4,4.4-CON-2-NT-SAM,0
22825,OBJ,AUT,AUT_1,1.2,1.2-OBJ-1-AUT-ALE,1
22825,OBJ,AUT,AUT_2,1.2,1.2-OBJ-1-AUT-CAL,0
22825,OBJ,AUT,AUT_3,1.2,1.2-OBJ-1-AUT-RAG,1
22825,OBJ,NT,NT_1,1.2,1.2-OBJ-1-NT-BOB,1
22825,OBJ,NT,NT_2,1.2,1.2-OBJ-1-NT-STE,1
22825,SUBJ,AUT,AUT_1,1.4,1.4-SUB-2-AUT-ALE,1
22825,SUBJ,AUT,AUT_2,1.4,1.4-SUB-2-AUT-CAL,1
22825,SUBJ,AUT,AUT_3,1.4,1.4-SUB-2-AUT-RAG,0
22825,SUBJ,NT,NT_3,1.4,1.4-SUB-2-NT-SAM,1
22825,SUBJ,AUT,AUT_1,2.3,2.3-SUB-1-AUT-ALE,0
22825,SUBJ,AUT,AUT_2,2.3,2.3-SUB-1-AUT-CAL,1
22825,SUBJ,NT,NT_3,2.3,2.3-SUB-1-AUT-SAM,1
22825,SUBJ,NT,NT_2,2.3,2.3-SUB-1-NT-STE,1
22825,OBJ,AUT,AUT_1,3.3,3.3-OBJ-2-AUT-ALE,0
22825,OBJ,AUT,AUT_2,3.3,3.3-OBJ-2-AUT-CAL,0
22825,OBJ,AUT,AUT_3,3.3,3.3-OBJ-2-AUT-RAG,0
22825,OBJ,NT,NT_2,3.3,3.3-OBJ-2-NT-STE,1
22825,OBJ,NT,NT_3,3.3,3.3-OBJ-2-NT-SAM,1
22825,OBJ,AUT,AUT_1,5.3,5.3-OBJ-1-AUT-ALE,0
22825,OBJ,AUT,AUT_2,5.3,5.3-OBJ-1-AUT-CAL,1
22825,OBJ,AUT,AUT_3,5.3,5.3-OBJ-1-AUT-RAG,1
22825,OBJ,NT,NT_1,5.3,5.3-OBJ-1-NT-BOB,1
22825,OBJ,NT,NT_2,5.3,5.3-OBJ-1-NT-STE,0
22825,OBJ,NT,NT_3,5.3,5.3-OBJ-1-NT-SAM,1
22825,SUBJ,AUT,AUT_1,5.5,5.5-SUB-2-AUT-ALE,0
22825,SUBJ,AUT,AUT_2,5.5,5.5-SUB-2-AUT-CAL,1
22825,SUBJ,AUT,AUT_3,5.5,5.5-SUB-2-AUT-RAG,1
22825,SUBJ,NT,NT_2,5.5,5.5-SUB-2-NT-STE,0
22825,SUBJ,NT,NT_3,5.5,5.5-SUB-2-NT-SAM,0
22825,CON,AUT,AUT_1,1.3,1.3-CON-2-AUT-ALE,0
22825,CON,AUT,AUT_2,1.3,1.3-CON-2-AUT-CAL,0
22825,CON,NT,NT_1,1.3,1.3-CON-2-NT-BOB,0
22825,CON,NT,NT_2,1.3,1.3-CON-2-NT-STE,0
22825,CON,NT,NT_3,1.3,1.3-CON-2-NT-SAM,0
22825,CON,AUT,AUT_1,1.7,1.7-CON-1-AUT-ALE,0
22825,CON,AUT,AUT_2,1.7,1.7-CON-1-AUT-CAL,1
22825,CON,AUT,AUT_3,1.7,1.7-CON-1-AUT-RAG,1
22825,CON,NT,NT_2,1.7,1.7-CON-1-NT-STE,0
22825,CON,NT,NT_3,1.7,1.7-CON-1-NT-SAM,0
22825,CON,AUT,AUT_1,4.4,4.4-CON-2-AUT-ALE,0
22825,CON,AUT,AUT_2,4.4,4.4-CON-2-AUT-CAL,1
22825,CON,AUT,AUT_3,4.4,4.4-CON-2-AUT-RAG,1
22825,CON,NT,NT_1,4.4,4.4-CON-2-NT-BOB,1
22825,CON,NT,NT_2,4.4,4.4-CON-2-NT-STE,1
22825,CON,NT,NT_3,4.4,4.4-CON-2-NT-SAM,0
22195,OBJ,AUT,AUT_1,1.2,1.2-OBJ-1-AUT-ALE,1
22195,OBJ,AUT,AUT_2,1.2,1.2-OBJ-1-AUT-CAL,0
22195,OBJ,AUT,AUT_3,1.2,1.2-OBJ-1-AUT-RAG,1
22195,OBJ,NT,NT_1,1.2,1.2-OBJ-1-NT-BOB,1
22195,OBJ,NT,NT_2,1.2,1.2-OBJ-1-NT-STE,1
22195,SUBJ,AUT,AUT_1,1.4,1.4-SUB-2-AUT-ALE,1
22195,SUBJ,AUT,AUT_2,1.4,1.4-SUB-2-AUT-CAL,0
22195,SUBJ,AUT,AUT_3,1.4,1.4-SUB-2-AUT-RAG,1
22195,SUBJ,NT,NT_3,1.4,1.4-SUB-2-NT-SAM,1
22195,SUBJ,AUT,AUT_1,2.3,2.3-SUB-1-AUT-ALE,0
22195,SUBJ,AUT,AUT_2,2.3,2.3-SUB-1-AUT-CAL,1
22195,SUBJ,NT,NT_3,2.3,2.3-SUB-1-AUT-SAM,1
22195,SUBJ,NT,NT_2,2.3,2.3-SUB-1-NT-STE,0
22195,OBJ,AUT,AUT_1,3.3,3.3-OBJ-2-AUT-ALE,1
22195,OBJ,AUT,AUT_2,3.3,3.3-OBJ-2-AUT-CAL,1
22195,OBJ,AUT,AUT_3,3.3,3.3-OBJ-2-AUT-RAG,0
22195,OBJ,NT,NT_2,3.3,3.3-OBJ-2-NT-STE,1
22195,OBJ,NT,NT_3,3.3,3.3-OBJ-2-NT-SAM,1
22195,OBJ,AUT,AUT_1,5.3,5.3-OBJ-1-AUT-ALE,1
22195,OBJ,AUT,AUT_2,5.3,5.3-OBJ-1-AUT-CAL,0
22195,OBJ,AUT,AUT_3,5.3,5.3-OBJ-1-AUT-RAG,1
22195,OBJ,NT,NT_1,5.3,5.3-OBJ-1-NT-BOB,1
22195,OBJ,NT,NT_2,5.3,5.3-OBJ-1-NT-STE,1
22195,OBJ,NT,NT_3,5.3,5.3-OBJ-1-NT-SAM,1
22195,SUBJ,AUT,AUT_1,5.5,5.5-SUB-2-AUT-ALE,0
22195,SUBJ,AUT,AUT_2,5.5,5.5-SUB-2-AUT-CAL,1
22195,SUBJ,AUT,AUT_3,5.5,5.5-SUB-2-AUT-RAG,1
22195,SUBJ,NT,NT_2,5.5,5.5-SUB-2-NT-STE,0
22195,SUBJ,NT,NT_3,5.5,5.5-SUB-2-NT-SAM,0
22195,CON,AUT,AUT_1,1.3,1.3-CON-2-AUT-ALE,0
22195,CON,AUT,AUT_2,1.3,1.3-CON-2-AUT-CAL,0
22195,CON,NT,NT_1,1.3,1.3-CON-2-NT-BOB,0
22195,CON,NT,NT_2,1.3,1.3-CON-2-NT-STE,0
22195,CON,NT,NT_3,1.3,1.3-CON-2-NT-SAM,0
22195,CON,AUT,AUT_1,1.7,1.7-CON-1-AUT-ALE,0
22195,CON,AUT,AUT_2,1.7,1.7-CON-1-AUT-CAL,0
22195,CON,AUT,AUT_3,1.7,1.7-CON-1-AUT-RAG,0
22195,CON,NT,NT_2,1.7,1.7-CON-1-NT-STE,0
22195,CON,NT,NT_3,1.7,1.7-CON-1-NT-SAM,1
22195,CON,AUT,AUT_1,4.4,4.4-CON-2-AUT-ALE,1
22195,CON,AUT,AUT_2,4.4,4.4-CON-2-AUT-CAL,1
22195,CON,AUT,AUT_3,4.4,4.4-CON-2-AUT-RAG,1
22195,CON,NT,NT_1,4.4,4.4-CON-2-NT-BOB,1
22195,CON,NT,NT_2,4.4,4.4-CON-2-NT-STE,1
22195,CON,NT,NT_3,4.4,4.4-CON-2-NT-SAM,1
21364,OBJ,AUT,AUT_1,1.2,1.2-OBJ-1-AUT-ALE,0
21364,OBJ,AUT,AUT_2,1.2,1.2-OBJ-1-AUT-CAL,0
21364,OBJ,AUT,AUT_3,1.2,1.2-OBJ-1-AUT-RAG,0
21364,OBJ,NT,NT_1,1.2,1.2-OBJ-1-NT-BOB,0
21364,OBJ,NT,NT_2,1.2,1.2-OBJ-1-NT-STE,0
21364,SUBJ,AUT,AUT_1,1.4,1.4-SUB-2-AUT-ALE,1
21364,SUBJ,AUT,AUT_2,1.4,1.4-SUB-2-AUT-CAL,1
21364,SUBJ,AUT,AUT_3,1.4,1.4-SUB-2-AUT-RAG,1
21364,SUBJ,NT,NT_3,1.4,1.4-SUB-2-NT-SAM,1
21364,SUBJ,AUT,AUT_1,2.3,2.3-SUB-1-AUT-ALE,1
21364,SUBJ,AUT,AUT_2,2.3,2.3-SUB-1-AUT-CAL,1
21364,SUBJ,NT,NT_3,2.3,2.3-SUB-1-AUT-SAM,1
21364,SUBJ,NT,NT_2,2.3,2.3-SUB-1-NT-STE,1
21364,OBJ,AUT,AUT_1,3.3,3.3-OBJ-2-AUT-ALE,0
21364,OBJ,AUT,AUT_2,3.3,3.3-OBJ-2-AUT-CAL,0
21364,OBJ,AUT,AUT_3,3.3,3.3-OBJ-2-AUT-RAG,0
21364,OBJ,NT,NT_2,3.3,3.3-OBJ-2-NT-STE,0
21364,OBJ,NT,NT_3,3.3,3.3-OBJ-2-NT-SAM,0
21364,OBJ,AUT,AUT_1,5.3,5.3-OBJ-1-AUT-ALE,0
21364,OBJ,AUT,AUT_2,5.3,5.3-OBJ-1-AUT-CAL,0
21364,OBJ,AUT,AUT_3,5.3,5.3-OBJ-1-AUT-RAG,0
21364,OBJ,NT,NT_1,5.3,5.3-OBJ-1-NT-BOB,0
21364,OBJ,NT,NT_2,5.3,5.3-OBJ-1-NT-STE,0
21364,OBJ,NT,NT_3,5.3,5.3-OBJ-1-NT-SAM,0
21364,SUBJ,AUT,AUT_1,5.5,5.5-SUB-2-AUT-ALE,1
21364,SUBJ,AUT,AUT_2,5.5,5.5-SUB-2-AUT-CAL,1
21364,SUBJ,AUT,AUT_3,5.5,5.5-SUB-2-AUT-RAG,1
21364,SUBJ,NT,NT_2,5.5,5.5-SUB-2-NT-STE,1
21364,SUBJ,NT,NT_3,5.5,5.5-SUB-2-NT-SAM,1
21364,CON,AUT,AUT_1,1.3,1.3-CON-2-AUT-ALE,0
21364,CON,AUT,AUT_2,1.3,1.3-CON-2-AUT-CAL,0
21364,CON,NT,NT_1,1.3,1.3-CON-2-NT-BOB,0
21364,CON,NT,NT_2,1.3,1.3-CON-2-NT-STE,0
21364,CON,NT,NT_3,1.3,1.3-CON-2-NT-SAM,0
21364,CON,AUT,AUT_1,1.7,1.7-CON-1-AUT-ALE,0
21364,CON,AUT,AUT_2,1.7,1.7-CON-1-AUT-CAL,0
21364,CON,AUT,AUT_3,1.7,1.7-CON-1-AUT-RAG,0
21364,CON,NT,NT_2,1.7,1.7-CON-1-NT-STE,0
21364,CON,NT,NT_3,1.7,1.7-CON-1-NT-SAM,0
21364,CON,AUT,AUT_1,4.4,4.4-CON-2-AUT-ALE,0
21364,CON,AUT,AUT_2,4.4,4.4-CON-2-AUT-CAL,0
21364,CON,AUT,AUT_3,4.4,4.4-CON-2-AUT-RAG,0
21364,CON,NT,NT_1,4.4,4.4-CON-2-NT-BOB,0
21364,CON,NT,NT_2,4.4,4.4-CON-2-NT-STE,0
21364,CON,NT,NT_3,4.4,4.4-CON-2-NT-SAM,0
16789,OBJ,AUT,AUT_1,1.2,1.2-OBJ-1-AUT-ALE,1
16789,OBJ,AUT,AUT_2,1.2,1.2-OBJ-1-AUT-CAL,1
16789,OBJ,AUT,AUT_3,1.2,1.2-OBJ-1-AUT-RAG,1
16789,OBJ,NT,NT_1,1.2,1.2-OBJ-1-NT-BOB,1
16789,OBJ,NT,NT_2,1.2,1.2-OBJ-1-NT-STE,1
16789,SUBJ,AUT,AUT_1,1.4,1.4-SUB-2-AUT-ALE,1
16789,SUBJ,AUT,AUT_2,1.4,1.4-SUB-2-AUT-CAL,0
16789,SUBJ,AUT,AUT_3,1.4,1.4-SUB-2-AUT-RAG,1
16789,SUBJ,NT,NT_3,1.4,1.4-SUB-2-NT-SAM,1
16789,SUBJ,AUT,AUT_1,2.3,2.3-SUB-1-AUT-ALE,1
16789,SUBJ,AUT,AUT_2,2.3,2.3-SUB-1-AUT-CAL,0
16789,SUBJ,NT,NT_3,2.3,2.3-SUB-1-AUT-SAM,1
16789,SUBJ,NT,NT_2,2.3,2.3-SUB-1-NT-STE,1
16789,OBJ,AUT,AUT_1,3.3,3.3-OBJ-2-AUT-ALE,1
16789,OBJ,AUT,AUT_2,3.3,3.3-OBJ-2-AUT-CAL,1
16789,OBJ,AUT,AUT_3,3.3,3.3-OBJ-2-AUT-RAG,0
16789,OBJ,NT,NT_2,3.3,3.3-OBJ-2-NT-STE,1
16789,OBJ,NT,NT_3,3.3,3.3-OBJ-2-NT-SAM,1
16789,OBJ,AUT,AUT_1,5.3,5.3-OBJ-1-AUT-ALE,1
16789,OBJ,AUT,AUT_2,5.3,5.3-OBJ-1-AUT-CAL,1
16789,OBJ,AUT,AUT_3,5.3,5.3-OBJ-1-AUT-RAG,1
16789,OBJ,NT,NT_1,5.3,5.3-OBJ-1-NT-BOB,1
16789,OBJ,NT,NT_2,5.3,5.3-OBJ-1-NT-STE,1
16789,OBJ,NT,NT_3,5.3,5.3-OBJ-1-NT-SAM,1
16789,SUBJ,AUT,AUT_1,5.5,5.5-SUB-2-AUT-ALE,0
16789,SUBJ,AUT,AUT_2,5.5,5.5-SUB-2-AUT-CAL,1
16789,SUBJ,AUT,AUT_3,5.5,5.5-SUB-2-AUT-RAG,1
16789,SUBJ,NT,NT_2,5.5,5.5-SUB-2-NT-STE,0
16789,SUBJ,NT,NT_3,5.5,5.5-SUB-2-NT-SAM,1
16789,CON,AUT,AUT_1,1.3,1.3-CON-2-AUT-ALE,0
16789,CON,AUT,AUT_2,1.3,1.3-CON-2-AUT-CAL,0
16789,CON,NT,NT_1,1.3,1.3-CON-2-NT-BOB,0
16789,CON,NT,NT_2,1.3,1.3-CON-2-NT-STE,0
16789,CON,NT,NT_3,1.3,1.3-CON-2-NT-SAM,0
16789,CON,AUT,AUT_1,1.7,1.7-CON-1-AUT-ALE,0
16789,CON,AUT,AUT_2,1.7,1.7-CON-1-AUT-CAL,0
16789,CON,AUT,AUT_3,1.7,1.7-CON-1-AUT-RAG,0
16789,CON,NT,NT_2,1.7,1.7-CON-1-NT-STE,1
16789,CON,NT,NT_3,1.7,1.7-CON-1-NT-SAM,1
16789,CON,AUT,AUT_1,4.4,4.4-CON-2-AUT-ALE,1
16789,CON,AUT,AUT_2,4.4,4.4-CON-2-AUT-CAL,1
16789,CON,AUT,AUT_3,4.4,4.4-CON-2-AUT-RAG,1
16789,CON,NT,NT_1,4.4,4.4-CON-2-NT-BOB,1
16789,CON,NT,NT_2,4.4,4.4-CON-2-NT-STE,1
16789,CON,NT,NT_3,4.4,4.4-CON-2-NT-SAM,1
16468,OBJ,AUT,AUT_1,1.2,1.2-OBJ-1-AUT-ALE,1
16468,OBJ,AUT,AUT_2,1.2,1.2-OBJ-1-AUT-CAL,0
16468,OBJ,AUT,AUT_3,1.2,1.2-OBJ-1-AUT-RAG,0
16468,OBJ,NT,NT_1,1.2,1.2-OBJ-1-NT-BOB,1
16468,OBJ,NT,NT_2,1.2,1.2-OBJ-1-NT-STE,1
16468,SUBJ,AUT,AUT_1,1.4,1.4-SUB-2-AUT-ALE,1
16468,SUBJ,AUT,AUT_2,1.4,1.4-SUB-2-AUT-CAL,1
16468,SUBJ,AUT,AUT_3,1.4,1.4-SUB-2-AUT-RAG,1
16468,SUBJ,NT,NT_3,1.4,1.4-SUB-2-NT-SAM,1
16468,SUBJ,AUT,AUT_1,2.3,2.3-SUB-1-AUT-ALE,1
16468,SUBJ,AUT,AUT_2,2.3,2.3-SUB-1-AUT-CAL,1
16468,SUBJ,NT,NT_3,2.3,2.3-SUB-1-AUT-SAM,1
16468,SUBJ,NT,NT_2,2.3,2.3-SUB-1-NT-STE,0
16468,OBJ,AUT,AUT_1,3.3,3.3-OBJ-2-AUT-ALE,1
16468,OBJ,AUT,AUT_2,3.3,3.3-OBJ-2-AUT-CAL,0
16468,OBJ,AUT,AUT_3,3.3,3.3-OBJ-2-AUT-RAG,0
16468,OBJ,NT,NT_2,3.3,3.3-OBJ-2-NT-STE,1
16468,OBJ,NT,NT_3,3.3,3.3-OBJ-2-NT-SAM,1
16468,OBJ,AUT,AUT_1,5.3,5.3-OBJ-1-AUT-ALE,0
16468,OBJ,AUT,AUT_2,5.3,5.3-OBJ-1-AUT-CAL,0
16468,OBJ,AUT,AUT_3,5.3,5.3-OBJ-1-AUT-RAG,0
16468,OBJ,NT,NT_1,5.3,5.3-OBJ-1-NT-BOB,1
16468,OBJ,NT,NT_2,5.3,5.3-OBJ-1-NT-STE,0
16468,OBJ,NT,NT_3,5.3,5.3-OBJ-1-NT-SAM,0
16468,SUBJ,AUT,AUT_1,5.5,5.5-SUB-2-AUT-ALE,0
16468,SUBJ,AUT,AUT_2,5.5,5.5-SUB-2-AUT-CAL,1
16468,SUBJ,AUT,AUT_3,5.5,5.5-SUB-2-AUT-RAG,1
16468,SUBJ,NT,NT_2,5.5,5.5-SUB-2-NT-STE,0
16468,SUBJ,NT,NT_3,5.5,5.5-SUB-2-NT-SAM,1
16468,CON,AUT,AUT_1,1.3,1.3-CON-2-AUT-ALE,0
16468,CON,AUT,AUT_2,1.3,1.3-CON-2-AUT-CAL,1
16468,CON,NT,NT_1,1.3,1.3-CON-2-NT-BOB,0
16468,CON,NT,NT_2,1.3,1.3-CON-2-NT-STE,0
16468,CON,NT,NT_3,1.3,1.3-CON-2-NT-SAM,1
16468,CON,AUT,AUT_1,1.7,1.7-CON-1-AUT-ALE,1
16468,CON,AUT,AUT_2,1.7,1.7-CON-1-AUT-CAL,1
16468,CON,AUT,AUT_3,1.7,1.7-CON-1-AUT-RAG,1
16468,CON,NT,NT_2,1.7,1.7-CON-1-NT-STE,0
16468,CON,NT,NT_3,1.7,1.7-CON-1-NT-SAM,1
16468,CON,AUT,AUT_1,4.4,4.4-CON-2-AUT-ALE,0
16468,CON,AUT,AUT_2,4.4,4.4-CON-2-AUT-CAL,1
16468,CON,AUT,AUT_3,4.4,4.4-CON-2-AUT-RAG,1
16468,CON,NT,NT_1,4.4,4.4-CON-2-NT-BOB,1
16468,CON,NT,NT_2,4.4,4.4-CON-2-NT-STE,1
16468,CON,NT,NT_3,4.4,4.4-CON-2-NT-SAM,1
22582,OBJ,AUT,AUT_1,1.2,1.2-OBJ-1-AUT-ALE,1
22582,OBJ,AUT,AUT_2,1.2,1.2-OBJ-1-AUT-CAL,1
22582,OBJ,AUT,AUT_3,1.2,1.2-OBJ-1-AUT-RAG,1
22582,OBJ,NT,NT_1,1.2,1.2-OBJ-1-NT-BOB,1
22582,OBJ,NT,NT_2,1.2,1.2-OBJ-1-NT-STE,1
22582,SUBJ,AUT,AUT_1,1.4,1.4-SUB-2-AUT-ALE,0
22582,SUBJ,AUT,AUT_2,1.4,1.4-SUB-2-AUT-CAL,0
22582,SUBJ,AUT,AUT_3,1.4,1.4-SUB-2-AUT-RAG,0
22582,SUBJ,NT,NT_3,1.4,1.4-SUB-2-NT-SAM,0
22582,SUBJ,AUT,AUT_1,2.3,2.3-SUB-1-AUT-ALE,0
22582,SUBJ,AUT,AUT_2,2.3,2.3-SUB-1-AUT-CAL,1
22582,SUBJ,NT,NT_3,2.3,2.3-SUB-1-AUT-SAM,1
22582,SUBJ,NT,NT_2,2.3,2.3-SUB-1-NT-STE,1
22582,OBJ,AUT,AUT_1,3.3,3.3-OBJ-2-AUT-ALE,0
22582,OBJ,AUT,AUT_2,3.3,3.3-OBJ-2-AUT-CAL,0
22582,OBJ,AUT,AUT_3,3.3,3.3-OBJ-2-AUT-RAG,0
22582,OBJ,NT,NT_2,3.3,3.3-OBJ-2-NT-STE,0
22582,OBJ,NT,NT_3,3.3,3.3-OBJ-2-NT-SAM,1
22582,OBJ,AUT,AUT_1,5.3,5.3-OBJ-1-AUT-ALE,0
22582,OBJ,AUT,AUT_2,5.3,5.3-OBJ-1-AUT-CAL,1
22582,OBJ,AUT,AUT_3,5.3,5.3-OBJ-1-AUT-RAG,1
22582,OBJ,NT,NT_1,5.3,5.3-OBJ-1-NT-BOB,1
22582,OBJ,NT,NT_2,5.3,5.3-OBJ-1-NT-STE,1
22582,OBJ,NT,NT_3,5.3,5.3-OBJ-1-NT-SAM,1
22582,SUBJ,AUT,AUT_1,5.5,5.5-SUB-2-AUT-ALE,1
22582,SUBJ,AUT,AUT_2,5.5,5.5-SUB-2-AUT-CAL,0
22582,SUBJ,AUT,AUT_3,5.5,5.5-SUB-2-AUT-RAG,1
22582,SUBJ,NT,NT_2,5.5,5.5-SUB-2-NT-STE,1
22582,SUBJ,NT,NT_3,5.5,5.5-SUB-2-NT-SAM,1
22582,CON,AUT,AUT_1,1.3,1.3-CON-2-AUT-ALE,0
22582,CON,AUT,AUT_2,1.3,1.3-CON-2-AUT-CAL,0
22582,CON,NT,NT_1,1.3,1.3-CON-2-NT-BOB,0
22582,CON,NT,NT_2,1.3,1.3-CON-2-NT-STE,0
22582,CON,NT,NT_3,1.3,1.3-CON-2-NT-SAM,0
22582,CON,AUT,AUT_1,1.7,1.7-CON-1-AUT-ALE,0
22582,CON,AUT,AUT_2,1.7,1.7-CON-1-AUT-CAL,0
22582,CON,AUT,AUT_3,1.7,1.7-CON-1-AUT-RAG,0
22582,CON,NT,NT_2,1.7,1.7-CON-1-NT-STE,0
22582,CON,NT,NT_3,1.7,1.7-CON-1-NT-SAM,0
22582,CON,AUT,AUT_1,4.4,4.4-CON-2-AUT-ALE,0
22582,CON,AUT,AUT_2,4.4,4.4-CON-2-AUT-CAL,0
22582,CON,AUT,AUT_3,4.4,4.4-CON-2-AUT-RAG,0
22582,CON,NT,NT_1,4.4,4.4-CON-2-NT-BOB,0
22582,CON,NT,NT_2,4.4,4.4-CON-2-NT-STE,0
22582,CON,NT,NT_3,4.4,4.4-CON-2-NT-SAM,0
20047,OBJ,AUT,AUT_1,1.2,1.2-OBJ-1-AUT-ALE,1
20047,OBJ,AUT,AUT_2,1.2,1.2-OBJ-1-AUT-CAL,0
20047,OBJ,AUT,AUT_3,1.2,1.2-OBJ-1-AUT-RAG,0
20047,OBJ,NT,NT_1,1.2,1.2-OBJ-1-NT-BOB,1
20047,OBJ,NT,NT_2,1.2,1.2-OBJ-1-NT-STE,1
20047,SUBJ,AUT,AUT_1,1.4,1.4-SUB-2-AUT-ALE,1
20047,SUBJ,AUT,AUT_2,1.4,1.4-SUB-2-AUT-CAL,0
20047,SUBJ,AUT,AUT_3,1.4,1.4-SUB-2-AUT-RAG,1
20047,SUBJ,NT,NT_3,1.4,1.4-SUB-2-NT-SAM,1
20047,SUBJ,AUT,AUT_1,2.3,2.3-SUB-1-AUT-ALE,0
20047,SUBJ,AUT,AUT_2,2.3,2.3-SUB-1-AUT-CAL,0
20047,SUBJ,NT,NT_3,2.3,2.3-SUB-1-AUT-SAM,1
20047,SUBJ,NT,NT_2,2.3,2.3-SUB-1-NT-STE,1
20047,OBJ,AUT,AUT_1,3.3,3.3-OBJ-2-AUT-ALE,1
20047,OBJ,AUT,AUT_2,3.3,3.3-OBJ-2-AUT-CAL,1
20047,OBJ,AUT,AUT_3,3.3,3.3-OBJ-2-AUT-RAG,0
20047,OBJ,NT,NT_2,3.3,3.3-OBJ-2-NT-STE,1
20047,OBJ,NT,NT_3,3.3,3.3-OBJ-2-NT-SAM,1
20047,OBJ,AUT,AUT_1,5.3,5.3-OBJ-1-AUT-ALE,1
20047,OBJ,AUT,AUT_2,5.3,5.3-OBJ-1-AUT-CAL,1
20047,OBJ,AUT,AUT_3,5.3,5.3-OBJ-1-AUT-RAG,1
20047,OBJ,NT,NT_1,5.3,5.3-OBJ-1-NT-BOB,1
20047,OBJ,NT,NT_2,5.3,5.3-OBJ-1-NT-STE,1
20047,OBJ,NT,NT_3,5.3,5.3-OBJ-1-NT-SAM,1
20047,SUBJ,AUT,AUT_1,5.5,5.5-SUB-2-AUT-ALE,1
20047,SUBJ,AUT,AUT_2,5.5,5.5-SUB-2-AUT-CAL,1
20047,SUBJ,AUT,AUT_3,5.5,5.5-SUB-2-AUT-RAG,1
20047,SUBJ,NT,NT_2,5.5,5.5-SUB-2-NT-STE,0
20047,SUBJ,NT,NT_3,5.5,5.5-SUB-2-NT-SAM,1
20047,CON,AUT,AUT_1,1.3,1.3-CON-2-AUT-ALE,0
20047,CON,AUT,AUT_2,1.3,1.3-CON-2-AUT-CAL,0
20047,CON,NT,NT_1,1.3,1.3-CON-2-NT-BOB,0
20047,CON,NT,NT_2,1.3,1.3-CON-2-NT-STE,0
20047,CON,NT,NT_3,1.3,1.3-CON-2-NT-SAM,0
20047,CON,AUT,AUT_1,1.7,1.7-CON-1-AUT-ALE,1
20047,CON,AUT,AUT_2,1.7,1.7-CON-1-AUT-CAL,0
20047,CON,AUT,AUT_3,1.7,1.7-CON-1-AUT-RAG,0
20047,CON,NT,NT_2,1.7,1.7-CON-1-NT-STE,1
20047,CON,NT,NT_3,1.7,1.7-CON-1-NT-SAM,0
20047,CON,AUT,AUT_1,4.4,4.4-CON-2-AUT-ALE,0
20047,CON,AUT,AUT_2,4.4,4.4-CON-2-AUT-CAL,1
20047,CON,AUT,AUT_3,4.4,4.4-CON-2-AUT-RAG,1
20047,CON,NT,NT_1,4.4,4.4-CON-2-NT-BOB,1
20047,CON,NT,NT_2,4.4,4.4-CON-2-NT-STE,0
20047,CON,NT,NT_3,4.4,4.4-CON-2-NT-SAM,1
22816,OBJ,AUT,AUT_1,1.2,1.2-OBJ-1-AUT-ALE,1
22816,OBJ,AUT,AUT_2,1.2,1.2-OBJ-1-AUT-CAL,0
22816,OBJ,AUT,AUT_3,1.2,1.2-OBJ-1-AUT-RAG,1
22816,OBJ,NT,NT_1,1.2,1.2-OBJ-1-NT-BOB,0
22816,OBJ,NT,NT_2,1.2,1.2-OBJ-1-NT-STE,1
22816,SUBJ,AUT,AUT_1,1.4,1.4-SUB-2-AUT-ALE,1
22816,SUBJ,AUT,AUT_2,1.4,1.4-SUB-2-AUT-CAL,1
22816,SUBJ,AUT,AUT_3,1.4,1.4-SUB-2-AUT-RAG,0
22816,SUBJ,NT,NT_3,1.4,1.4-SUB-2-NT-SAM,1
22816,SUBJ,AUT,AUT_1,2.3,2.3-SUB-1-AUT-ALE,0
22816,SUBJ,AUT,AUT_2,2.3,2.3-SUB-1-AUT-CAL,1
22816,SUBJ,NT,NT_3,2.3,2.3-SUB-1-AUT-SAM,1
22816,SUBJ,NT,NT_2,2.3,2.3-SUB-1-NT-STE,1
22816,OBJ,AUT,AUT_1,3.3,3.3-OBJ-2-AUT-ALE,1
22816,OBJ,AUT,AUT_2,3.3,3.3-OBJ-2-AUT-CAL,1
22816,OBJ,AUT,AUT_3,3.3,3.3-OBJ-2-AUT-RAG,0
22816,OBJ,NT,NT_2,3.3,3.3-OBJ-2-NT-STE,0
22816,OBJ,NT,NT_3,3.3,3.3-OBJ-2-NT-SAM,1
22816,OBJ,AUT,AUT_1,5.3,5.3-OBJ-1-AUT-ALE,0
22816,OBJ,AUT,AUT_2,5.3,5.3-OBJ-1-AUT-CAL,1
22816,OBJ,AUT,AUT_3,5.3,5.3-OBJ-1-AUT-RAG,1
22816,OBJ,NT,NT_1,5.3,5.3-OBJ-1-NT-BOB,0
22816,OBJ,NT,NT_2,5.3,5.3-OBJ-1-NT-STE,0
22816,OBJ,NT,NT_3,5.3,5.3-OBJ-1-NT-SAM,0
22816,SUBJ,AUT,AUT_1,5.5,5.5-SUB-2-AUT-ALE,0
22816,SUBJ,AUT,AUT_2,5.5,5.5-SUB-2-AUT-CAL,1
22816,SUBJ,AUT,AUT_3,5.5,5.5-SUB-2-AUT-RAG,1
22816,SUBJ,NT,NT_2,5.5,5.5-SUB-2-NT-STE,1
22816,SUBJ,NT,NT_3,5.5,5.5-SUB-2-NT-SAM,1
22816,CON,AUT,AUT_1,1.3,1.3-CON-2-AUT-ALE,0
22816,CON,AUT,AUT_2,1.3,1.3-CON-2-AUT-CAL,0
22816,CON,NT,NT_1,1.3,1.3-CON-2-NT-BOB,0
22816,CON,NT,NT_2,1.3,1.3-CON-2-NT-STE,1
22816,CON,NT,NT_3,1.3,1.3-CON-2-NT-SAM,0
22816,CON,AUT,AUT_1,1.7,1.7-CON-1-AUT-ALE,0
22816,CON,AUT,AUT_2,1.7,1.7-CON-1-AUT-CAL,1
22816,CON,AUT,AUT_3,1.7,1.7-CON-1-AUT-RAG,1
22816,CON,NT,NT_2,1.7,1.7-CON-1-NT-STE,1
22816,CON,NT,NT_3,1.7,1.7-CON-1-NT-SAM,1
22816,CON,AUT,AUT_1,4.4,4.4-CON-2-AUT-ALE,1
22816,CON,AUT,AUT_2,4.4,4.4-CON-2-AUT-CAL,1
22816,CON,AUT,AUT_3,4.4,4.4-CON-2-AUT-RAG,1
22816,CON,NT,NT_1,4.4,4.4-CON-2-NT-BOB,1
22816,CON,NT,NT_2,4.4,4.4-CON-2-NT-STE,1
22816,CON,NT,NT_3,4.4,4.4-CON-2-NT-SAM,1
16495,OBJ,AUT,AUT_1,1.2,1.2-OBJ-1-AUT-ALE,1
16495,OBJ,AUT,AUT_2,1.2,1.2-OBJ-1-AUT-CAL,1
16495,OBJ,AUT,AUT_3,1.2,1.2-OBJ-1-AUT-RAG,0
16495,OBJ,NT,NT_1,1.2,1.2-OBJ-1-NT-BOB,1
16495,OBJ,NT,NT_2,1.2,1.2-OBJ-1-NT-STE,1
16495,SUBJ,AUT,AUT_1,1.4,1.4-SUB-2-AUT-ALE,1
16495,SUBJ,AUT,AUT_2,1.4,1.4-SUB-2-AUT-CAL,1
16495,SUBJ,AUT,AUT_3,1.4,1.4-SUB-2-AUT-RAG,0
16495,SUBJ,NT,NT_3,1.4,1.4-SUB-2-NT-SAM,1
16495,SUBJ,AUT,AUT_1,2.3,2.3-SUB-1-AUT-ALE,0
16495,SUBJ,AUT,AUT_2,2.3,2.3-SUB-1-AUT-CAL,1
16495,SUBJ,NT,NT_3,2.3,2.3-SUB-1-AUT-SAM,1
16495,SUBJ,NT,NT_2,2.3,2.3-SUB-1-NT-STE,1
16495,OBJ,AUT,AUT_1,3.3,3.3-OBJ-2-AUT-ALE,1
16495,OBJ,AUT,AUT_2,3.3,3.3-OBJ-2-AUT-CAL,1
16495,OBJ,AUT,AUT_3,3.3,3.3-OBJ-2-AUT-RAG,0
16495,OBJ,NT,NT_2,3.3,3.3-OBJ-2-NT-STE,1
16495,OBJ,NT,NT_3,3.3,3.3-OBJ-2-NT-SAM,1
16495,OBJ,AUT,AUT_1,5.3,5.3-OBJ-1-AUT-ALE,1
16495,OBJ,AUT,AUT_2,5.3,5.3-OBJ-1-AUT-CAL,1
16495,OBJ,AUT,AUT_3,5.3,5.3-OBJ-1-AUT-RAG,0
16495,OBJ,NT,NT_1,5.3,5.3-OBJ-1-NT-BOB,1
16495,OBJ,NT,NT_2,5.3,5.3-OBJ-1-NT-STE,0
16495,OBJ,NT,NT_3,5.3,5.3-OBJ-1-NT-SAM,1
16495,SUBJ,AUT,AUT_1,5.5,5.5-SUB-2-AUT-ALE,0
16495,SUBJ,AUT,AUT_2,5.5,5.5-SUB-2-AUT-CAL,1
16495,SUBJ,AUT,AUT_3,5.5,5.5-SUB-2-AUT-RAG,0
16495,SUBJ,NT,NT_2,5.5,5.5-SUB-2-NT-STE,0
16495,SUBJ,NT,NT_3,5.5,5.5-SUB-2-NT-SAM,1
16495,CON,AUT,AUT_1,1.3,1.3-CON-2-AUT-ALE,1
16495,CON,AUT,AUT_2,1.3,1.3-CON-2-AUT-CAL,0
16495,CON,NT,NT_1,1.3,1.3-CON-2-NT-BOB,0
16495,CON,NT,NT_2,1.3,1.3-CON-2-NT-STE,0
16495,CON,NT,NT_3,1.3,1.3-CON-2-NT-SAM,1
16495,CON,AUT,AUT_1,1.7,1.7-CON-1-AUT-ALE,0
16495,CON,AUT,AUT_2,1.7,1.7-CON-1-AUT-CAL,1
16495,CON,AUT,AUT_3,1.7,1.7-CON-1-AUT-RAG,0
16495,CON,NT,NT_2,1.7,1.7-CON-1-NT-STE,0
16495,CON,NT,NT_3,1.7,1.7-CON-1-NT-SAM,0
16495,CON,AUT,AUT_1,4.4,4.4-CON-2-AUT-ALE,0
16495,CON,AUT,AUT_2,4.4,4.4-CON-2-AUT-CAL,1
16495,CON,AUT,AUT_3,4.4,4.4-CON-2-AUT-RAG,1
16495,CON,NT,NT_1,4.4,4.4-CON-2-NT-BOB,1
16495,CON,NT,NT_2,4.4,4.4-CON-2-NT-STE,0
16495,CON,NT,NT_3,4.4,4.4-CON-2-NT-SAM,1
19861,OBJ,AUT,AUT_1,1.2,1.2-OBJ-1-AUT-ALE,1
19861,OBJ,AUT,AUT_2,1.2,1.2-OBJ-1-AUT-CAL,1
19861,OBJ,AUT,AUT_3,1.2,1.2-OBJ-1-AUT-RAG,1
19861,OBJ,NT,NT_1,1.2,1.2-OBJ-1-NT-BOB,1
19861,OBJ,NT,NT_2,1.2,1.2-OBJ-1-NT-STE,1
19861,SUBJ,AUT,AUT_1,1.4,1.4-SUB-2-AUT-ALE,1
19861,SUBJ,AUT,AUT_2,1.4,1.4-SUB-2-AUT-CAL,1
19861,SUBJ,AUT,AUT_3,1.4,1.4-SUB-2-AUT-RAG,1
19861,SUBJ,NT,NT_3,1.4,1.4-SUB-2-NT-SAM,1
19861,SUBJ,AUT,AUT_1,2.3,2.3-SUB-1-AUT-ALE,0
19861,SUBJ,AUT,AUT_2,2.3,2.3-SUB-1-AUT-CAL,1
19861,SUBJ,NT,NT_3,2.3,2.3-SUB-1-AUT-SAM,1
19861,SUBJ,NT,NT_2,2.3,2.3-SUB-1-NT-STE,0
19861,OBJ,AUT,AUT_1,3.3,3.3-OBJ-2-AUT-ALE,0
19861,OBJ,AUT,AUT_2,3.3,3.3-OBJ-2-AUT-CAL,0
19861,OBJ,AUT,AUT_3,3.3,3.3-OBJ-2-AUT-RAG,0
19861,OBJ,NT,NT_2,3.3,3.3-OBJ-2-NT-STE,1
19861,OBJ,NT,NT_3,3.3,3.3-OBJ-2-NT-SAM,1
19861,OBJ,AUT,AUT_1,5.3,5.3-OBJ-1-AUT-ALE,0
19861,OBJ,AUT,AUT_2,5.3,5.3-OBJ-1-AUT-CAL,0
19861,OBJ,AUT,AUT_3,5.3,5.3-OBJ-1-AUT-RAG,1
19861,OBJ,NT,NT_1,5.3,5.3-OBJ-1-NT-BOB,1
19861,OBJ,NT,NT_2,5.3,5.3-OBJ-1-NT-STE,1
19861,OBJ,NT,NT_3,5.3,5.3-OBJ-1-NT-SAM,0
19861,SUBJ,AUT,AUT_1,5.5,5.5-SUB-2-AUT-ALE,1
19861,SUBJ,AUT,AUT_2,5.5,5.5-SUB-2-AUT-CAL,1
19861,SUBJ,AUT,AUT_3,5.5,5.5-SUB-2-AUT-RAG,0
19861,SUBJ,NT,NT_2,5.5,5.5-SUB-2-NT-STE,0
19861,SUBJ,NT,NT_3,5.5,5.5-SUB-2-NT-SAM,1
19861,CON,AUT,AUT_1,1.3,1.3-CON-2-AUT-ALE,0
19861,CON,AUT,AUT_2,1.3,1.3-CON-2-AUT-CAL,0
19861,CON,NT,NT_1,1.3,1.3-CON-2-NT-BOB,0
19861,CON,NT,NT_2,1.3,1.3-CON-2-NT-STE,1
19861,CON,NT,NT_3,1.3,1.3-CON-2-NT-SAM,0
19861,CON,AUT,AUT_1,1.7,1.7-CON-1-AUT-ALE,0
19861,CON,AUT,AUT_2,1.7,1.7-CON-1-AUT-CAL,1
19861,CON,AUT,AUT_3,1.7,1.7-CON-1-AUT-RAG,0
19861,CON,NT,NT_2,1.7,1.7-CON-1-NT-STE,1
19861,CON,NT,NT_3,1.7,1.7-CON-1-NT-SAM,1
19861,CON,AUT,AUT_1,4.4,4.4-CON-2-AUT-ALE,0
19861,CON,AUT,AUT_2,4.4,4.4-CON-2-AUT-CAL,1
19861,CON,AUT,AUT_3,4.4,4.4-CON-2-AUT-RAG,1
19861,CON,NT,NT_1,4.4,4.4-CON-2-NT-BOB,1
19861,CON,NT,NT_2,4.4,4.4-CON-2-NT-STE,1
19861,CON,NT,NT_3,4.4,4.4-CON-2-NT-SAM,0
21016,OBJ,AUT,AUT_1,1.2,1.2-OBJ-1-AUT-ALE,1
21016,OBJ,AUT,AUT_2,1.2,1.2-OBJ-1-AUT-CAL,0
21016,OBJ,AUT,AUT_3,1.2,1.2-OBJ-1-AUT-RAG,0
21016,OBJ,NT,NT_1,1.2,1.2-OBJ-1-NT-BOB,1
21016,OBJ,NT,NT_2,1.2,1.2-OBJ-1-NT-STE,1
21016,SUBJ,AUT,AUT_1,1.4,1.4-SUB-2-AUT-ALE,1
21016,SUBJ,AUT,AUT_2,1.4,1.4-SUB-2-AUT-CAL,1
21016,SUBJ,AUT,AUT_3,1.4,1.4-SUB-2-AUT-RAG,1
21016,SUBJ,NT,NT_3,1.4,1.4-SUB-2-NT-SAM,1
21016,SUBJ,AUT,AUT_1,2.3,2.3-SUB-1-AUT-ALE,0
21016,SUBJ,AUT,AUT_2,2.3,2.3-SUB-1-AUT-CAL,1
21016,SUBJ,NT,NT_3,2.3,2.3-SUB-1-AUT-SAM,1
21016,SUBJ,NT,NT_2,2.3,2.3-SUB-1-NT-STE,0
21016,OBJ,AUT,AUT_1,3.3,3.3-OBJ-2-AUT-ALE,1
21016,OBJ,AUT,AUT_2,3.3,3.3-OBJ-2-AUT-CAL,1
21016,OBJ,AUT,AUT_3,3.3,3.3-OBJ-2-AUT-RAG,0
21016,OBJ,NT,NT_2,3.3,3.3-OBJ-2-NT-STE,1
21016,OBJ,NT,NT_3,3.3,3.3-OBJ-2-NT-SAM,1
21016,OBJ,AUT,AUT_1,5.3,5.3-OBJ-1-AUT-ALE,0
21016,OBJ,AUT,AUT_2,5.3,5.3-OBJ-1-AUT-CAL,1
21016,OBJ,AUT,AUT_3,5.3,5.3-OBJ-1-AUT-RAG,1
21016,OBJ,NT,NT_1,5.3,5.3-OBJ-1-NT-BOB,0
21016,OBJ,NT,NT_2,5.3,5.3-OBJ-1-NT-STE,0
21016,OBJ,NT,NT_3,5.3,5.3-OBJ-1-NT-SAM,1
21016,SUBJ,AUT,AUT_1,5.5,5.5-SUB-2-AUT-ALE,0
21016,SUBJ,AUT,AUT_2,5.5,5.5-SUB-2-AUT-CAL,1
21016,SUBJ,AUT,AUT_3,5.5,5.5-SUB-2-AUT-RAG,1
21016,SUBJ,NT,NT_2,5.5,5.5-SUB-2-NT-STE,0
21016,SUBJ,NT,NT_3,5.5,5.5-SUB-2-NT-SAM,1
21016,CON,AUT,AUT_1,1.3,1.3-CON-2-AUT-ALE,0
21016,CON,AUT,AUT_2,1.3,1.3-CON-2-AUT-CAL,1
21016,CON,NT,NT_1,1.3,1.3-CON-2-NT-BOB,1
21016,CON,NT,NT_2,1.3,1.3-CON-2-NT-STE,0
21016,CON,NT,NT_3,1.3,1.3-CON-2-NT-SAM,1
21016,CON,AUT,AUT_1,1.7,1.7-CON-1-AUT-ALE,1
21016,CON,AUT,AUT_2,1.7,1.7-CON-1-AUT-CAL,1
21016,CON,AUT,AUT_3,1.7,1.7-CON-1-AUT-RAG,0
21016,CON,NT,NT_2,1.7,1.7-CON-1-NT-STE,1
21016,CON,NT,NT_3,1.7,1.7-CON-1-NT-SAM,1
21016,CON,AUT,AUT_1,4.4,4.4-CON-2-AUT-ALE,0
21016,CON,AUT,AUT_2,4.4,4.4-CON-2-AUT-CAL,0
21016,CON,AUT,AUT_3,4.4,4.4-CON-2-AUT-RAG,1
21016,CON,NT,NT_1,4.4,4.4-CON-2-NT-BOB,0
21016,CON,NT,NT_2,4.4,4.4-CON-2-NT-STE,1
21016,CON,NT,NT_3,4.4,4.4-CON-2-NT-SAM,0
19936,OBJ,AUT,AUT_1,1.2,1.2-OBJ-1-AUT-ALE,1
19936,OBJ,AUT,AUT_2,1.2,1.2-OBJ-1-AUT-CAL,1
19936,OBJ,AUT,AUT_3,1.2,1.2-OBJ-1-AUT-RAG,0
19936,OBJ,NT,NT_1,1.2,1.2-OBJ-1-NT-BOB,1
19936,OBJ,NT,NT_2,1.2,1.2-OBJ-1-NT-STE,1
19936,SUBJ,AUT,AUT_1,1.4,1.4-SUB-2-AUT-ALE,0
19936,SUBJ,AUT,AUT_2,1.4,1.4-SUB-2-AUT-CAL,0
19936,SUBJ,AUT,AUT_3,1.4,1.4-SUB-2-AUT-RAG,0
19936,SUBJ,NT,NT_3,1.4,1.4-SUB-2-NT-SAM,0
19936,SUBJ,AUT,AUT_1,2.3,2.3-SUB-1-AUT-ALE,0
19936,SUBJ,AUT,AUT_2,2.3,2.3-SUB-1-AUT-CAL,1
19936,SUBJ,NT,NT_3,2.3,2.3-SUB-1-AUT-SAM,1
19936,SUBJ,NT,NT_2,2.3,2.3-SUB-1-NT-STE,1
19936,OBJ,AUT,AUT_1,3.3,3.3-OBJ-2-AUT-ALE,1
19936,OBJ,AUT,AUT_2,3.3,3.3-OBJ-2-AUT-CAL,1
19936,OBJ,AUT,AUT_3,3.3,3.3-OBJ-2-AUT-RAG,0
19936,OBJ,NT,NT_2,3.3,3.3-OBJ-2-NT-STE,1
19936,OBJ,NT,NT_3,3.3,3.3-OBJ-2-NT-SAM,1
19936,OBJ,AUT,AUT_1,5.3,5.3-OBJ-1-AUT-ALE,1
19936,OBJ,AUT,AUT_2,5.3,5.3-OBJ-1-AUT-CAL,1
19936,OBJ,AUT,AUT_3,5.3,5.3-OBJ-1-AUT-RAG,1
19936,OBJ,NT,NT_1,5.3,5.3-OBJ-1-NT-BOB,1
19936,OBJ,NT,NT_2,5.3,5.3-OBJ-1-NT-STE,1
19936,OBJ,NT,NT_3,5.3,5.3-OBJ-1-NT-SAM,1
19936,SUBJ,AUT,AUT_1,5.5,5.5-SUB-2-AUT-ALE,1
19936,SUBJ,AUT,AUT_2,5.5,5.5-SUB-2-AUT-CAL,1
19936,SUBJ,AUT,AUT_3,5.5,5.5-SUB-2-AUT-RAG,1
19936,SUBJ,NT,NT_2,5.5,5.5-SUB-2-NT-STE,0
19936,SUBJ,NT,NT_3,5.5,5.5-SUB-2-NT-SAM,0
19936,CON,AUT,AUT_1,1.3,1.3-CON-2-AUT-ALE,0
19936,CON,AUT,AUT_2,1.3,1.3-CON-2-AUT-CAL,1
19936,CON,NT,NT_1,1.3,1.3-CON-2-NT-BOB,0
19936,CON,NT,NT_2,1.3,1.3-CON-2-NT-STE,1
19936,CON,NT,NT_3,1.3,1.3-CON-2-NT-SAM,0
19936,CON,AUT,AUT_1,1.7,1.7-CON-1-AUT-ALE,1
19936,CON,AUT,AUT_2,1.7,1.7-CON-1-AUT-CAL,0
19936,CON,AUT,AUT_3,1.7,1.7-CON-1-AUT-RAG,0
19936,CON,NT,NT_2,1.7,1.7-CON-1-NT-STE,1
19936,CON,NT,NT_3,1.7,1.7-CON-1-NT-SAM,1
19936,CON,AUT,AUT_1,4.4,4.4-CON-2-AUT-ALE,0
19936,CON,AUT,AUT_2,4.4,4.4-CON-2-AUT-CAL,1
19936,CON,AUT,AUT_3,4.4,4.4-CON-2-AUT-RAG,1
19936,CON,NT,NT_1,4.4,4.4-CON-2-NT-BOB,1
19936,CON,NT,NT_2,4.4,4.4-CON-2-NT-STE,1
19936,CON,NT,NT_3,4.4,4.4-CON-2-NT-SAM,1
22600,OBJ,AUT,AUT_1,1.2,1.2-OBJ-1-AUT-ALE,1
22600,OBJ,AUT,AUT_2,1.2,1.2-OBJ-1-AUT-CAL,1
22600,OBJ,AUT,AUT_3,1.2,1.2-OBJ-1-AUT-RAG,0
22600,OBJ,NT,NT_1,1.2,1.2-OBJ-1-NT-BOB,0
22600,OBJ,NT,NT_2,1.2,1.2-OBJ-1-NT-STE,1
22600,SUBJ,AUT,AUT_1,1.4,1.4-SUB-2-AUT-ALE,0
22600,SUBJ,AUT,AUT_2,1.4,1.4-SUB-2-AUT-CAL,0
22600,SUBJ,AUT,AUT_3,1.4,1.4-SUB-2-AUT-RAG,0
22600,SUBJ,NT,NT_3,1.4,1.4-SUB-2-NT-SAM,0
22600,SUBJ,AUT,AUT_1,2.3,2.3-SUB-1-AUT-ALE,1
22600,SUBJ,AUT,AUT_2,2.3,2.3-SUB-1-AUT-CAL,1
22600,SUBJ,NT,NT_3,2.3,2.3-SUB-1-AUT-SAM,0
22600,SUBJ,NT,NT_2,2.3,2.3-SUB-1-NT-STE,1
22600,OBJ,AUT,AUT_1,3.3,3.3-OBJ-2-AUT-ALE,1
22600,OBJ,AUT,AUT_2,3.3,3.3-OBJ-2-AUT-CAL,0
22600,OBJ,AUT,AUT_3,3.3,3.3-OBJ-2-AUT-RAG,1
22600,OBJ,NT,NT_2,3.3,3.3-OBJ-2-NT-STE,0
22600,OBJ,NT,NT_3,3.3,3.3-OBJ-2-NT-SAM,0
22600,OBJ,AUT,AUT_1,5.3,5.3-OBJ-1-AUT-ALE,0
22600,OBJ,AUT,AUT_2,5.3,5.3-OBJ-1-AUT-CAL,1
22600,OBJ,AUT,AUT_3,5.3,5.3-OBJ-1-AUT-RAG,1
22600,OBJ,NT,NT_1,5.3,5.3-OBJ-1-NT-BOB,0
22600,OBJ,NT,NT_2,5.3,5.3-OBJ-1-NT-STE,1
22600,OBJ,NT,NT_3,5.3,5.3-OBJ-1-NT-SAM,1
22600,SUBJ,AUT,AUT_1,5.5,5.5-SUB-2-AUT-ALE,1
22600,SUBJ,AUT,AUT_2,5.5,5.5-SUB-2-AUT-CAL,0
22600,SUBJ,AUT,AUT_3,5.5,5.5-SUB-2-AUT-RAG,0
22600,SUBJ,NT,NT_2,5.5,5.5-SUB-2-NT-STE,0
22600,SUBJ,NT,NT_3,5.5,5.5-SUB-2-NT-SAM,1
22600,CON,AUT,AUT_1,1.3,1.3-CON-2-AUT-ALE,0
22600,CON,AUT,AUT_2,1.3,1.3-CON-2-AUT-CAL,0
22600,CON,NT,NT_1,1.3,1.3-CON-2-NT-BOB,0
22600,CON,NT,NT_2,1.3,1.3-CON-2-NT-STE,0
22600,CON,NT,NT_3,1.3,1.3-CON-2-NT-SAM,0
22600,CON,AUT,AUT_1,1.7,1.7-CON-1-AUT-ALE,1
22600,CON,AUT,AUT_2,1.7,1.7-CON-1-AUT-CAL,1
22600,CON,AUT,AUT_3,1.7,1.7-CON-1-AUT-RAG,0
22600,CON,NT,NT_2,1.7,1.7-CON-1-NT-STE,0
22600,CON,NT,NT_3,1.7,1.7-CON-1-NT-SAM,0
22600,CON,AUT,AUT_1,4.4,4.4-CON-2-AUT-ALE,0
22600,CON,AUT,AUT_2,4.4,4.4-CON-2-AUT-CAL,0
22600,CON,AUT,AUT_3,4.4,4.4-CON-2-AUT-RAG,0
22600,CON,NT,NT_1,4.4,4.4-CON-2-NT-BOB,0
22600,CON,NT,NT_2,4.4,4.4-CON-2-NT-STE,0
22600,CON,NT,NT_3,4.4,4.4-CON-2-NT-SAM,0
23446,OBJ,AUT,AUT_1,1.2,1.2-OBJ-1-AUT-ALE,1
23446,OBJ,AUT,AUT_2,1.2,1.2-OBJ-1-AUT-CAL,0
23446,OBJ,AUT,AUT_3,1.2,1.2-OBJ-1-AUT-RAG,1
23446,OBJ,NT,NT_1,1.2,1.2-OBJ-1-NT-BOB,1
23446,OBJ,NT,NT_2,1.2,1.2-OBJ-1-NT-STE,1
23446,SUBJ,AUT,AUT_1,1.4,1.4-SUB-2-AUT-ALE,0
23446,SUBJ,AUT,AUT_2,1.4,1.4-SUB-2-AUT-CAL,0
23446,SUBJ,AUT,AUT_3,1.4,1.4-SUB-2-AUT-RAG,1
23446,SUBJ,NT,NT_3,1.4,1.4-SUB-2-NT-SAM,1
23446,SUBJ,AUT,AUT_1,2.3,2.3-SUB-1-AUT-ALE,1
23446,SUBJ,AUT,AUT_2,2.3,2.3-SUB-1-AUT-CAL,1
23446,SUBJ,NT,NT_3,2.3,2.3-SUB-1-AUT-SAM,1
23446,SUBJ,NT,NT_2,2.3,2.3-SUB-1-NT-STE,0
23446,OBJ,AUT,AUT_1,3.3,3.3-OBJ-2-AUT-ALE,1
23446,OBJ,AUT,AUT_2,3.3,3.3-OBJ-2-AUT-CAL,0
23446,OBJ,AUT,AUT_3,3.3,3.3-OBJ-2-AUT-RAG,0
23446,OBJ,NT,NT_2,3.3,3.3-OBJ-2-NT-STE,1
23446,OBJ,NT,NT_3,3.3,3.3-OBJ-2-NT-SAM,1
23446,OBJ,AUT,AUT_1,5.3,5.3-OBJ-1-AUT-ALE,0
23446,OBJ,AUT,AUT_2,5.3,5.3-OBJ-1-AUT-CAL,0
23446,OBJ,AUT,AUT_3,5.3,5.3-OBJ-1-AUT-RAG,0
23446,OBJ,NT,NT_1,5.3,5.3-OBJ-1-NT-BOB,1
23446,OBJ,NT,NT_2,5.3,5.3-OBJ-1-NT-STE,1
23446,OBJ,NT,NT_3,5.3,5.3-OBJ-1-NT-SAM,1
23446,SUBJ,AUT,AUT_1,5.5,5.5-SUB-2-AUT-ALE,1
23446,SUBJ,AUT,AUT_2,5.5,5.5-SUB-2-AUT-CAL,1
23446,SUBJ,AUT,AUT_3,5.5,5.5-SUB-2-AUT-RAG,1
23446,SUBJ,NT,NT_2,5.5,5.5-SUB-2-NT-STE,0
23446,SUBJ,NT,NT_3,5.5,5.5-SUB-2-NT-SAM,1
23446,CON,AUT,AUT_1,1.3,1.3-CON-2-AUT-ALE,0
23446,CON,AUT,AUT_2,1.3,1.3-CON-2-AUT-CAL,0
23446,CON,NT,NT_1,1.3,1.3-CON-2-NT-BOB,1
23446,CON,NT,NT_2,1.3,1.3-CON-2-NT-STE,0
23446,CON,NT,NT_3,1.3,1.3-CON-2-NT-SAM,1
23446,CON,AUT,AUT_1,1.7,1.7-CON-1-AUT-ALE,0
23446,CON,AUT,AUT_2,1.7,1.7-CON-1-AUT-CAL,1
23446,CON,AUT,AUT_3,1.7,1.7-CON-1-AUT-RAG,1
23446,CON,NT,NT_2,1.7,1.7-CON-1-NT-STE,1
23446,CON,NT,NT_3,1.7,1.7-CON-1-NT-SAM,1
23446,CON,AUT,AUT_1,4.4,4.4-CON-2-AUT-ALE,0
23446,CON,AUT,AUT_2,4.4,4.4-CON-2-AUT-CAL,1
23446,CON,AUT,AUT_3,4.4,4.4-CON-2-AUT-RAG,1
23446,CON,NT,NT_1,4.4,4.4-CON-2-NT-BOB,1
23446,CON,NT,NT_2,4.4,4.4-CON-2-NT-STE,1
23446,CON,NT,NT_3,4.4,4.4-CON-2-NT-SAM,1
23386,OBJ,AUT,AUT_1,1.2,1.2-OBJ-1-AUT-ALE,1
23386,OBJ,AUT,AUT_2,1.2,1.2-OBJ-1-AUT-CAL,1
23386,OBJ,AUT,AUT_3,1.2,1.2-OBJ-1-AUT-RAG,0
23386,OBJ,NT,NT_1,1.2,1.2-OBJ-1-NT-BOB,1
23386,OBJ,NT,NT_2,1.2,1.2-OBJ-1-NT-STE,1
23386,SUBJ,AUT,AUT_1,1.4,1.4-SUB-2-AUT-ALE,1
23386,SUBJ,AUT,AUT_2,1.4,1.4-SUB-2-AUT-CAL,0
23386,SUBJ,AUT,AUT_3,1.4,1.4-SUB-2-AUT-RAG,0
23386,SUBJ,NT,NT_3,1.4,1.4-SUB-2-NT-SAM,1
23386,SUBJ,AUT,AUT_1,2.3,2.3-SUB-1-AUT-ALE,1
23386,SUBJ,AUT,AUT_2,2.3,2.3-SUB-1-AUT-CAL,0
23386,SUBJ,NT,NT_3,2.3,2.3-SUB-1-AUT-SAM,1
23386,SUBJ,NT,NT_2,2.3,2.3-SUB-1-NT-STE,0
23386,OBJ,AUT,AUT_1,3.3,3.3-OBJ-2-AUT-ALE,0
23386,OBJ,AUT,AUT_2,3.3,3.3-OBJ-2-AUT-CAL,0
23386,OBJ,AUT,AUT_3,3.3,3.3-OBJ-2-AUT-RAG,1
23386,OBJ,NT,NT_2,3.3,3.3-OBJ-2-NT-STE,0
23386,OBJ,NT,NT_3,3.3,3.3-OBJ-2-NT-SAM,1
23386,OBJ,AUT,AUT_1,5.3,5.3-OBJ-1-AUT-ALE,1
23386,OBJ,AUT,AUT_2,5.3,5.3-OBJ-1-AUT-CAL,0
23386,OBJ,AUT,AUT_3,5.3,5.3-OBJ-1-AUT-RAG,1
23386,OBJ,NT,NT_1,5.3,5.3-OBJ-1-NT-BOB,0
23386,OBJ,NT,NT_2,5.3,5.3-OBJ-1-NT-STE,0
23386,OBJ,NT,NT_3,5.3,5.3-OBJ-1-NT-SAM,0
23386,SUBJ,AUT,AUT_1,5.5,5.5-SUB-2-AUT-ALE,1
23386,SUBJ,AUT,AUT_2,5.5,5.5-SUB-2-AUT-CAL,1
23386,SUBJ,AUT,AUT_3,5.5,5.5-SUB-2-AUT-RAG,1
23386,SUBJ,NT,NT_2,5.5,5.5-SUB-2-NT-STE,0
23386,SUBJ,NT,NT_3,5.5,5.5-SUB-2-NT-SAM,0
23386,CON,AUT,AUT_1,1.3,1.3-CON-2-AUT-ALE,0
23386,CON,AUT,AUT_2,1.3,1.3-CON-2-AUT-CAL,0
23386,CON,NT,NT_1,1.3,1.3-CON-2-NT-BOB,0
23386,CON,NT,NT_2,1.3,1.3-CON-2-NT-STE,0
23386,CON,NT,NT_3,1.3,1.3-CON-2-NT-SAM,0
23386,CON,AUT,AUT_1,1.7,1.7-CON-1-AUT-ALE,0
23386,CON,AUT,AUT_2,1.7,1.7-CON-1-AUT-CAL,0
23386,CON,AUT,AUT_3,1.7,1.7-CON-1-AUT-RAG,0
23386,CON,NT,NT_2,1.7,1.7-CON-1-NT-STE,0
23386,CON,NT,NT_3,1.7,1.7-CON-1-NT-SAM,0
23386,CON,AUT,AUT_1,4.4,4.4-CON-2-AUT-ALE,0
23386,CON,AUT,AUT_2,4.4,4.4-CON-2-AUT-CAL,0
23386,CON,AUT,AUT_3,4.4,4.4-CON-2-AUT-RAG,0
23386,CON,NT,NT_1,4.4,4.4-CON-2-NT-BOB,0
23386,CON,NT,NT_2,4.4,4.4-CON-2-NT-STE,0
23386,CON,NT,NT_3,4.4,4.4-CON-2-NT-SAM,0
22576,OBJ,AUT,AUT_1,1.2,1.2-OBJ-1-AUT-ALE,1
22576,OBJ,AUT,AUT_2,1.2,1.2-OBJ-1-AUT-CAL,1
22576,OBJ,AUT,AUT_3,1.2,1.2-OBJ-1-AUT-RAG,1
22576,OBJ,NT,NT_1,1.2,1.2-OBJ-1-NT-BOB,1
22576,OBJ,NT,NT_2,1.2,1.2-OBJ-1-NT-STE,1
22576,SUBJ,AUT,AUT_1,1.4,1.4-SUB-2-AUT-ALE,1
22576,SUBJ,AUT,AUT_2,1.4,1.4-SUB-2-AUT-CAL,0
22576,SUBJ,AUT,AUT_3,1.4,1.4-SUB-2-AUT-RAG,1
22576,SUBJ,NT,NT_3,1.4,1.4-SUB-2-NT-SAM,1
22576,SUBJ,AUT,AUT_1,2.3,2.3-SUB-1-AUT-ALE,1
22576,SUBJ,AUT,AUT_2,2.3,2.3-SUB-1-AUT-CAL,1
22576,SUBJ,NT,NT_3,2.3,2.3-SUB-1-AUT-SAM,1
22576,SUBJ,NT,NT_2,2.3,2.3-SUB-1-NT-STE,0
22576,OBJ,AUT,AUT_1,3.3,3.3-OBJ-2-AUT-ALE,0
22576,OBJ,AUT,AUT_2,3.3,3.3-OBJ-2-AUT-CAL,1
22576,OBJ,AUT,AUT_3,3.3,3.3-OBJ-2-AUT-RAG,1
22576,OBJ,NT,NT_2,3.3,3.3-OBJ-2-NT-STE,1
22576,OBJ,NT,NT_3,3.3,3.3-OBJ-2-NT-SAM,1
22576,OBJ,AUT,AUT_1,5.3,5.3-OBJ-1-AUT-ALE,1
22576,OBJ,AUT,AUT_2,5.3,5.3-OBJ-1-AUT-CAL,1
22576,OBJ,AUT,AUT_3,5.3,5.3-OBJ-1-AUT-RAG,0
22576,OBJ,NT,NT_1,5.3,5.3-OBJ-1-NT-BOB,0
22576,OBJ,NT,NT_2,5.3,5.3-OBJ-1-NT-STE,1
22576,OBJ,NT,NT_3,5.3,5.3-OBJ-1-NT-SAM,1
22576,SUBJ,AUT,AUT_1,5.5,5.5-SUB-2-AUT-ALE,1
22576,SUBJ,AUT,AUT_2,5.5,5.5-SUB-2-AUT-CAL,1
22576,SUBJ,AUT,AUT_3,5.5,5.5-SUB-2-AUT-RAG,0
22576,SUBJ,NT,NT_2,5.5,5.5-SUB-2-NT-STE,0
22576,SUBJ,NT,NT_3,5.5,5.5-SUB-2-NT-SAM,0
22576,CON,AUT,AUT_1,1.3,1.3-CON-2-AUT-ALE,0
22576,CON,AUT,AUT_2,1.3,1.3-CON-2-AUT-CAL,0
22576,CON,NT,NT_1,1.3,1.3-CON-2-NT-BOB,0
22576,CON,NT,NT_2,1.3,1.3-CON-2-NT-STE,0
22576,CON,NT,NT_3,1.3,1.3-CON-2-NT-SAM,0
22576,CON,AUT,AUT_1,1.7,1.7-CON-1-AUT-ALE,0
22576,CON,AUT,AUT_2,1.7,1.7-CON-1-AUT-CAL,0
22576,CON,AUT,AUT_3,1.7,1.7-CON-1-AUT-RAG,0
22576,CON,NT,NT_2,1.7,1.7-CON-1-NT-STE,0
22576,CON,NT,NT_3,1.7,1.7-CON-1-NT-SAM,0
22576,CON,AUT,AUT_1,4.4,4.4-CON-2-AUT-ALE,0
22576,CON,AUT,AUT_2,4.4,4.4-CON-2-AUT-CAL,0
22576,CON,AUT,AUT_3,4.4,4.4-CON-2-AUT-RAG,0
22576,CON,NT,NT_1,4.4,4.4-CON-2-NT-BOB,0
22576,CON,NT,NT_2,4.4,4.4-CON-2-NT-STE,0
22576,CON,NT,NT_3,4.4,4.4-CON-2-NT-SAM,0
16573,OBJ,AUT,AUT_1,1.2,1.2-OBJ-1-AUT-ALE,1
16573,OBJ,AUT,AUT_2,1.2,1.2-OBJ-1-AUT-CAL,1
16573,OBJ,AUT,AUT_3,1.2,1.2-OBJ-1-AUT-RAG,1
16573,OBJ,NT,NT_1,1.2,1.2-OBJ-1-NT-BOB,1
16573,OBJ,NT,NT_2,1.2,1.2-OBJ-1-NT-STE,1
16573,SUBJ,AUT,AUT_1,1.4,1.4-SUB-2-AUT-ALE,1
16573,SUBJ,AUT,AUT_2,1.4,1.4-SUB-2-AUT-CAL,1
16573,SUBJ,AUT,AUT_3,1.4,1.4-SUB-2-AUT-RAG,1
16573,SUBJ,NT,NT_3,1.4,1.4-SUB-2-NT-SAM,0
16573,SUBJ,AUT,AUT_1,2.3,2.3-SUB-1-AUT-ALE,1
16573,SUBJ,AUT,AUT_2,2.3,2.3-SUB-1-AUT-CAL,0
16573,SUBJ,NT,NT_3,2.3,2.3-SUB-1-AUT-SAM,1
16573,SUBJ,NT,NT_2,2.3,2.3-SUB-1-NT-STE,1
16573,OBJ,AUT,AUT_1,3.3,3.3-OBJ-2-AUT-ALE,0
16573,OBJ,AUT,AUT_2,3.3,3.3-OBJ-2-AUT-CAL,0
16573,OBJ,AUT,AUT_3,3.3,3.3-OBJ-2-AUT-RAG,0
16573,OBJ,NT,NT_2,3.3,3.3-OBJ-2-NT-STE,1
16573,OBJ,NT,NT_3,3.3,3.3-OBJ-2-NT-SAM,1
16573,OBJ,AUT,AUT_1,5.3,5.3-OBJ-1-AUT-ALE,1
16573,OBJ,AUT,AUT_2,5.3,5.3-OBJ-1-AUT-CAL,0
16573,OBJ,AUT,AUT_3,5.3,5.3-OBJ-1-AUT-RAG,1
16573,OBJ,NT,NT_1,5.3,5.3-OBJ-1-NT-BOB,1
16573,OBJ,NT,NT_2,5.3,5.3-OBJ-1-NT-STE,0
16573,OBJ,NT,NT_3,5.3,5.3-OBJ-1-NT-SAM,0
16573,SUBJ,AUT,AUT_1,5.5,5.5-SUB-2-AUT-ALE,1
16573,SUBJ,AUT,AUT_2,5.5,5.5-SUB-2-AUT-CAL,1
16573,SUBJ,AUT,AUT_3,5.5,5.5-SUB-2-AUT-RAG,0
16573,SUBJ,NT,NT_2,5.5,5.5-SUB-2-NT-STE,1
16573,SUBJ,NT,NT_3,5.5,5.5-SUB-2-NT-SAM,0
16573,CON,AUT,AUT_1,1.3,1.3-CON-2-AUT-ALE,0
16573,CON,AUT,AUT_2,1.3,1.3-CON-2-AUT-CAL,1
16573,CON,NT,NT_1,1.3,1.3-CON-2-NT-BOB,0
16573,CON,NT,NT_2,1.3,1.3-CON-2-NT-STE,0
16573,CON,NT,NT_3,1.3,1.3-CON-2-NT-SAM,1
16573,CON,AUT,AUT_1,1.7,1.7-CON-1-AUT-ALE,1
16573,CON,AUT,AUT_2,1.7,1.7-CON-1-AUT-CAL,0
16573,CON,AUT,AUT_3,1.7,1.7-CON-1-AUT-RAG,1
16573,CON,NT,NT_2,1.7,1.7-CON-1-NT-STE,0
16573,CON,NT,NT_3,1.7,1.7-CON-1-NT-SAM,1
16573,CON,AUT,AUT_1,4.4,4.4-CON-2-AUT-ALE,0
16573,CON,AUT,AUT_2,4.4,4.4-CON-2-AUT-CAL,1
16573,CON,AUT,AUT_3,4.4,4.4-CON-2-AUT-RAG,1
16573,CON,NT,NT_1,4.4,4.4-CON-2-NT-BOB,1
16573,CON,NT,NT_2,4.4,4.4-CON-2-NT-STE,1
16573,CON,NT,NT_3,4.4,4.4-CON-2-NT-SAM,1
22519,OBJ,AUT,AUT_1,1.2,1.2-OBJ-1-AUT-ALE,1
22519,OBJ,AUT,AUT_2,1.2,1.2-OBJ-1-AUT-CAL,0
22519,OBJ,AUT,AUT_3,1.2,1.2-OBJ-1-AUT-RAG,0
22519,OBJ,NT,NT_1,1.2,1.2-OBJ-1-NT-BOB,1
22519,OBJ,NT,NT_2,1.2,1.2-OBJ-1-NT-STE,1
22519,SUBJ,AUT,AUT_1,1.4,1.4-SUB-2-AUT-ALE,1
22519,SUBJ,AUT,AUT_2,1.4,1.4-SUB-2-AUT-CAL,1
22519,SUBJ,AUT,AUT_3,1.4,1.4-SUB-2-AUT-RAG,1
22519,SUBJ,NT,NT_3,1.4,1.4-SUB-2-NT-SAM,1
22519,SUBJ,AUT,AUT_1,2.3,2.3-SUB-1-AUT-ALE,0
22519,SUBJ,AUT,AUT_2,2.3,2.3-SUB-1-AUT-CAL,1
22519,SUBJ,NT,NT_3,2.3,2.3-SUB-1-AUT-SAM,1
22519,SUBJ,NT,NT_2,2.3,2.3-SUB-1-NT-STE,0
22519,OBJ,AUT,AUT_1,3.3,3.3-OBJ-2-AUT-ALE,1
22519,OBJ,AUT,AUT_2,3.3,3.3-OBJ-2-AUT-CAL,0
22519,OBJ,AUT,AUT_3,3.3,3.3-OBJ-2-AUT-RAG,0
22519,OBJ,NT,NT_2,3.3,3.3-OBJ-2-NT-STE,1
22519,OBJ,NT,NT_3,3.3,3.3-OBJ-2-NT-SAM,1
22519,OBJ,AUT,AUT_1,5.3,5.3-OBJ-1-AUT-ALE,1
22519,OBJ,AUT,AUT_2,5.3,5.3-OBJ-1-AUT-CAL,1
22519,OBJ,AUT,AUT_3,5.3,5.3-OBJ-1-AUT-RAG,0
22519,OBJ,NT,NT_1,5.3,5.3-OBJ-1-NT-BOB,0
22519,OBJ,NT,NT_2,5.3,5.3-OBJ-1-NT-STE,0
22519,OBJ,NT,NT_3,5.3,5.3-OBJ-1-NT-SAM,1
22519,SUBJ,AUT,AUT_1,5.5,5.5-SUB-2-AUT-ALE,0
22519,SUBJ,AUT,AUT_2,5.5,5.5-SUB-2-AUT-CAL,1
22519,SUBJ,AUT,AUT_3,5.5,5.5-SUB-2-AUT-RAG,1
22519,SUBJ,NT,NT_2,5.5,5.5-SUB-2-NT-STE,1
22519,SUBJ,NT,NT_3,5.5,5.5-SUB-2-NT-SAM,0
22519,CON,AUT,AUT_1,1.3,1.3-CON-2-AUT-ALE,0
22519,CON,AUT,AUT_2,1.3,1.3-CON-2-AUT-CAL,0
22519,CON,NT,NT_1,1.3,1.3-CON-2-NT-BOB,1
22519,CON,NT,NT_2,1.3,1.3-CON-2-NT-STE,0
22519,CON,NT,NT_3,1.3,1.3-CON-2-NT-SAM,0
22519,CON,AUT,AUT_1,1.7,1.7-CON-1-AUT-ALE,0
22519,CON,AUT,AUT_2,1.7,1.7-CON-1-AUT-CAL,0
22519,CON,AUT,AUT_3,1.7,1.7-CON-1-AUT-RAG,0
22519,CON,NT,NT_2,1.7,1.7-CON-1-NT-STE,0
22519,CON,NT,NT_3,1.7,1.7-CON-1-NT-SAM,0
22519,CON,AUT,AUT_1,4.4,4.4-CON-2-AUT-ALE,0
22519,CON,AUT,AUT_2,4.4,4.4-CON-2-AUT-CAL,0
22519,CON,AUT,AUT_3,4.4,4.4-CON-2-AUT-RAG,0
22519,CON,NT,NT_1,4.4,4.4-CON-2-NT-BOB,0
22519,CON,NT,NT_2,4.4,4.4-CON-2-NT-STE,1
22519,CON,NT,NT_3,4.4,4.4-CON-2-NT-SAM,0
18766,OBJ,AUT,AUT_1,1.2,1.2-OBJ-1-AUT-ALE,1
18766,OBJ,AUT,AUT_2,1.2,1.2-OBJ-1-AUT-CAL,0
18766,OBJ,AUT,AUT_3,1.2,1.2-OBJ-1-AUT-RAG,0
18766,OBJ,NT,NT_1,1.2,1.2-OBJ-1-NT-BOB,1
18766,OBJ,NT,NT_2,1.2,1.2-OBJ-1-NT-STE,1
18766,SUBJ,AUT,AUT_1,1.4,1.4-SUB-2-AUT-ALE,1
18766,SUBJ,AUT,AUT_2,1.4,1.4-SUB-2-AUT-CAL,0
18766,SUBJ,AUT,AUT_3,1.4,1.4-SUB-2-AUT-RAG,0
18766,SUBJ,NT,NT_3,1.4,1.4-SUB-2-NT-SAM,0
18766,SUBJ,AUT,AUT_1,2.3,2.3-SUB-1-AUT-ALE,0
18766,SUBJ,AUT,AUT_2,2.3,2.3-SUB-1-AUT-CAL,1
18766,SUBJ,NT,NT_3,2.3,2.3-SUB-1-AUT-SAM,1
18766,SUBJ,NT,NT_2,2.3,2.3-SUB-1-NT-STE,0
18766,OBJ,AUT,AUT_1,3.3,3.3-OBJ-2-AUT-ALE,1
18766,OBJ,AUT,AUT_2,3.3,3.3-OBJ-2-AUT-CAL,1
18766,OBJ,AUT,AUT_3,3.3,3.3-OBJ-2-AUT-RAG,1
18766,OBJ,NT,NT_2,3.3,3.3-OBJ-2-NT-STE,1
18766,OBJ,NT,NT_3,3.3,3.3-OBJ-2-NT-SAM,1
18766,OBJ,AUT,AUT_1,5.3,5.3-OBJ-1-AUT-ALE,1
18766,OBJ,AUT,AUT_2,5.3,5.3-OBJ-1-AUT-CAL,1
18766,OBJ,AUT,AUT_3,5.3,5.3-OBJ-1-AUT-RAG,1
18766,OBJ,NT,NT_1,5.3,5.3-OBJ-1-NT-BOB,1
18766,OBJ,NT,NT_2,5.3,5.3-OBJ-1-NT-STE,1
18766,OBJ,NT,NT_3,5.3,5.3-OBJ-1-NT-SAM,1
18766,SUBJ,AUT,AUT_1,5.5,5.5-SUB-2-AUT-ALE,0
18766,SUBJ,AUT,AUT_2,5.5,5.5-SUB-2-AUT-CAL,1
18766,SUBJ,AUT,AUT_3,5.5,5.5-SUB-2-AUT-RAG,1
18766,SUBJ,NT,NT_2,5.5,5.5-SUB-2-NT-STE,0
18766,SUBJ,NT,NT_3,5.5,5.5-SUB-2-NT-SAM,0
18766,CON,AUT,AUT_1,1.3,1.3-CON-2-AUT-ALE,0
18766,CON,AUT,AUT_2,1.3,1.3-CON-2-AUT-CAL,1
18766,CON,NT,NT_1,1.3,1.3-CON-2-NT-BOB,0
18766,CON,NT,NT_2,1.3,1.3-CON-2-NT-STE,1
18766,CON,NT,NT_3,1.3,1.3-CON-2-NT-SAM,1
18766,CON,AUT,AUT_1,1.7,1.7-CON-1-AUT-ALE,0
18766,CON,AUT,AUT_2,1.7,1.7-CON-1-AUT-CAL,1
18766,CON,AUT,AUT_3,1.7,1.7-CON-1-AUT-RAG,1
18766,CON,NT,NT_2,1.7,1.7-CON-1-NT-STE,1
18766,CON,NT,NT_3,1.7,1.7-CON-1-NT-SAM,0
18766,CON,AUT,AUT_1,4.4,4.4-CON-2-AUT-ALE,0
18766,CON,AUT,AUT_2,4.4,4.4-CON-2-AUT-CAL,1
18766,CON,AUT,AUT_3,4.4,4.4-CON-2-AUT-RAG,1
18766,CON,NT,NT_1,4.4,4.4-CON-2-NT-BOB,1
18766,CON,NT,NT_2,4.4,4.4-CON-2-NT-STE,1
18766,CON,NT,NT_3,4.4,4.4-CON-2-NT-SAM,1
19528,OBJ,AUT,AUT_1,1.2,1.2-OBJ-1-AUT-ALE,1
19528,OBJ,AUT,AUT_2,1.2,1.2-OBJ-1-AUT-CAL,1
19528,OBJ,AUT,AUT_3,1.2,1.2-OBJ-1-AUT-RAG,1
19528,OBJ,NT,NT_1,1.2,1.2-OBJ-1-NT-BOB,1
19528,OBJ,NT,NT_2,1.2,1.2-OBJ-1-NT-STE,1
19528,SUBJ,AUT,AUT_1,1.4,1.4-SUB-2-AUT-ALE,0
19528,SUBJ,AUT,AUT_2,1.4,1.4-SUB-2-AUT-CAL,0
19528,SUBJ,AUT,AUT_3,1.4,1.4-SUB-2-AUT-RAG,0
19528,SUBJ,NT,NT_3,1.4,1.4-SUB-2-NT-SAM,1
19528,SUBJ,AUT,AUT_1,2.3,2.3-SUB-1-AUT-ALE,1
19528,SUBJ,AUT,AUT_2,2.3,2.3-SUB-1-AUT-CAL,1
19528,SUBJ,NT,NT_3,2.3,2.3-SUB-1-AUT-SAM,1
19528,SUBJ,NT,NT_2,2.3,2.3-SUB-1-NT-STE,0
19528,OBJ,AUT,AUT_1,3.3,3.3-OBJ-2-AUT-ALE,0
19528,OBJ,AUT,AUT_2,3.3,3.3-OBJ-2-AUT-CAL,1
19528,OBJ,AUT,AUT_3,3.3,3.3-OBJ-2-AUT-RAG,0
19528,OBJ,NT,NT_2,3.3,3.3-OBJ-2-NT-STE,1
19528,OBJ,NT,NT_3,3.3,3.3-OBJ-2-NT-SAM,1
19528,OBJ,AUT,AUT_1,5.3,5.3-OBJ-1-AUT-ALE,1
19528,OBJ,AUT,AUT_2,5.3,5.3-OBJ-1-AUT-CAL,1
19528,OBJ,AUT,AUT_3,5.3,5.3-OBJ-1-AUT-RAG,1
19528,OBJ,NT,NT_1,5.3,5.3-OBJ-1-NT-BOB,1
19528,OBJ,NT,NT_2,5.3,5.3-OBJ-1-NT-STE,1
19528,OBJ,NT,NT_3,5.3,5.3-OBJ-1-NT-SAM,0
19528,SUBJ,AUT,AUT_1,5.5,5.5-SUB-2-AUT-ALE,0
19528,SUBJ,AUT,AUT_2,5.5,5.5-SUB-2-AUT-CAL,1
19528,SUBJ,AUT,AUT_3,5.5,5.5-SUB-2-AUT-RAG,0
19528,SUBJ,NT,NT_2,5.5,5.5-SUB-2-NT-STE,1
19528,SUBJ,NT,NT_3,5.5,5.5-SUB-2-NT-SAM,0
19528,CON,AUT,AUT_1,1.3,1.3-CON-2-AUT-ALE,0
19528,CON,AUT,AUT_2,1.3,1.3-CON-2-AUT-CAL,1
19528,CON,NT,NT_1,1.3,1.3-CON-2-NT-BOB,0
19528,CON,NT,NT_2,1.3,1.3-CON-2-NT-STE,0
19528,CON,NT,NT_3,1.3,1.3-CON-2-NT-SAM,0
19528,CON,AUT,AUT_1,1.7,1.7-CON-1-AUT-ALE,0
19528,CON,AUT,AUT_2,1.7,1.7-CON-1-AUT-CAL,1
19528,CON,AUT,AUT_3,1.7,1.7-CON-1-AUT-RAG,0
19528,CON,NT,NT_2,1.7,1.7-CON-1-NT-STE,0
19528,CON,NT,NT_3,1.7,1.7-CON-1-NT-SAM,0
19528,CON,AUT,AUT_1,4.4,4.4-CON-2-AUT-ALE,0
19528,CON,AUT,AUT_2,4.4,4.4-CON-2-AUT-CAL,1
19528,CON,AUT,AUT_3,4.4,4.4-CON-2-AUT-RAG,1
19528,CON,NT,NT_1,4.4,4.4-CON-2-NT-BOB,0
19528,CON,NT,NT_2,4.4,4.4-CON-2-NT-STE,1
19528,CON,NT,NT_3,4.4,4.4-CON-2-NT-SAM,0
20617,OBJ,AUT,AUT_1,1.2,1.2-OBJ-1-AUT-ALE,1
20617,OBJ,AUT,AUT_2,1.2,1.2-OBJ-1-AUT-CAL,0
20617,OBJ,AUT,AUT_3,1.2,1.2-OBJ-1-AUT-RAG,1
20617,OBJ,NT,NT_1,1.2,1.2-OBJ-1-NT-BOB,1
20617,OBJ,NT,NT_2,1.2,1.2-OBJ-1-NT-STE,1
20617,SUBJ,AUT,AUT_1,1.4,1.4-SUB-2-AUT-ALE,1
20617,SUBJ,AUT,AUT_2,1.4,1.4-SUB-2-AUT-CAL,0
20617,SUBJ,AUT,AUT_3,1.4,1.4-SUB-2-AUT-RAG,1
20617,SUBJ,NT,NT_3,1.4,1.4-SUB-2-NT-SAM,1
20617,SUBJ,AUT,AUT_1,2.3,2.3-SUB-1-AUT-ALE,0
20617,SUBJ,AUT,AUT_2,2.3,2.3-SUB-1-AUT-CAL,1
20617,SUBJ,NT,NT_3,2.3,2.3-SUB-1-AUT-SAM,1
20617,SUBJ,NT,NT_2,2.3,2.3-SUB-1-NT-STE,1
20617,OBJ,AUT,AUT_1,3.3,3.3-OBJ-2-AUT-ALE,1
20617,OBJ,AUT,AUT_2,3.3,3.3-OBJ-2-AUT-CAL,1
20617,OBJ,AUT,AUT_3,3.3,3.3-OBJ-2-AUT-RAG,0
20617,OBJ,NT,NT_2,3.3,3.3-OBJ-2-NT-STE,1
20617,OBJ,NT,NT_3,3.3,3.3-OBJ-2-NT-SAM,1
20617,OBJ,AUT,AUT_1,5.3,5.3-OBJ-1-AUT-ALE,1
20617,OBJ,AUT,AUT_2,5.3,5.3-OBJ-1-AUT-CAL,0
20617,OBJ,AUT,AUT_3,5.3,5.3-OBJ-1-AUT-RAG,1
20617,OBJ,NT,NT_1,5.3,5.3-OBJ-1-NT-BOB,1
20617,OBJ,NT,NT_2,5.3,5.3-OBJ-1-NT-STE,1
20617,OBJ,NT,NT_3,5.3,5.3-OBJ-1-NT-SAM,1
20617,SUBJ,AUT,AUT_1,5.5,5.5-SUB-2-AUT-ALE,0
20617,SUBJ,AUT,AUT_2,5.5,5.5-SUB-2-AUT-CAL,1
20617,SUBJ,AUT,AUT_3,5.5,5.5-SUB-2-AUT-RAG,1
20617,SUBJ,NT,NT_2,5.5,5.5-SUB-2-NT-STE,0
20617,SUBJ,NT,NT_3,5.5,5.5-SUB-2-NT-SAM,0
20617,CON,AUT,AUT_1,1.3,1.3-CON-2-AUT-ALE,0
20617,CON,AUT,AUT_2,1.3,1.3-CON-2-AUT-CAL,1
20617,CON,NT,NT_1,1.3,1.3-CON-2-NT-BOB,0
20617,CON,NT,NT_2,1.3,1.3-CON-2-NT-STE,1
20617,CON,NT,NT_3,1.3,1.3-CON-2-NT-SAM,0
20617,CON,AUT,AUT_1,1.7,1.7-CON-1-AUT-ALE,0
20617,CON,AUT,AUT_2,1.7,1.7-CON-1-AUT-CAL,1
20617,CON,AUT,AUT_3,1.7,1.7-CON-1-AUT-RAG,1
20617,CON,NT,NT_2,1.7,1.7-CON-1-NT-STE,1
20617,CON,NT,NT_3,1.7,1.7-CON-1-NT-SAM,1
20617,CON,AUT,AUT_1,4.4,4.4-CON-2-AUT-ALE,0
20617,CON,AUT,AUT_2,4.4,4.4-CON-2-AUT-CAL,1
20617,CON,AUT,AUT_3,4.4,4.4-CON-2-AUT-RAG,1
20617,CON,NT,NT_1,4.4,4.4-CON-2-NT-BOB,1
20617,CON,NT,NT_2,4.4,4.4-CON-2-NT-STE,1
20617,CON,NT,NT_3,4.4,4.4-CON-2-NT-SAM,1
21259,OBJ,AUT,AUT_1,1.2,1.2-OBJ-1-AUT-ALE,1
21259,OBJ,AUT,AUT_2,1.2,1.2-OBJ-1-AUT-CAL,0
21259,OBJ,AUT,AUT_3,1.2,1.2-OBJ-1-AUT-RAG,1
21259,OBJ,NT,NT_1,1.2,1.2-OBJ-1-NT-BOB,1
21259,OBJ,NT,NT_2,1.2,1.2-OBJ-1-NT-STE,1
21259,SUBJ,AUT,AUT_1,1.4,1.4-SUB-2-AUT-ALE,1
21259,SUBJ,AUT,AUT_2,1.4,1.4-SUB-2-AUT-CAL,0
21259,SUBJ,AUT,AUT_3,1.4,1.4-SUB-2-AUT-RAG,1
21259,SUBJ,NT,NT_3,1.4,1.4-SUB-2-NT-SAM,1
21259,SUBJ,AUT,AUT_1,2.3,2.3-SUB-1-AUT-ALE,0
21259,SUBJ,AUT,AUT_2,2.3,2.3-SUB-1-AUT-CAL,1
21259,SUBJ,NT,NT_3,2.3,2.3-SUB-1-AUT-SAM,1
21259,SUBJ,NT,NT_2,2.3,2.3-SUB-1-NT-STE,0
21259,OBJ,AUT,AUT_1,3.3,3.3-OBJ-2-AUT-ALE,1
21259,OBJ,AUT,AUT_2,3.3,3.3-OBJ-2-AUT-CAL,1
21259,OBJ,AUT,AUT_3,3.3,3.3-OBJ-2-AUT-RAG,1
21259,OBJ,NT,NT_2,3.3,3.3-OBJ-2-NT-STE,1
21259,OBJ,NT,NT_3,3.3,3.3-OBJ-2-NT-SAM,1
21259,OBJ,AUT,AUT_1,5.3,5.3-OBJ-1-AUT-ALE,0
21259,OBJ,AUT,AUT_2,5.3,5.3-OBJ-1-AUT-CAL,0
21259,OBJ,AUT,AUT_3,5.3,5.3-OBJ-1-AUT-RAG,0
21259,OBJ,NT,NT_1,5.3,5.3-OBJ-1-NT-BOB,1
21259,OBJ,NT,NT_2,5.3,5.3-OBJ-1-NT-STE,0
21259,OBJ,NT,NT_3,5.3,5.3-OBJ-1-NT-SAM,0
21259,SUBJ,AUT,AUT_1,5.5,5.5-SUB-2-AUT-ALE,0
21259,SUBJ,AUT,AUT_2,5.5,5.5-SUB-2-AUT-CAL,1
21259,SUBJ,AUT,AUT_3,5.5,5.5-SUB-2-AUT-RAG,1
21259,SUBJ,NT,NT_2,5.5,5.5-SUB-2-NT-STE,0
21259,SUBJ,NT,NT_3,5.5,5.5-SUB-2-NT-SAM,0
21259,CON,AUT,AUT_1,1.3,1.3-CON-2-AUT-ALE,0
21259,CON,AUT,AUT_2,1.3,1.3-CON-2-AUT-CAL,1
21259,CON,NT,NT_1,1.3,1.3-CON-2-NT-BOB,0
21259,CON,NT,NT_2,1.3,1.3-CON-2-NT-STE,1
21259,CON,NT,NT_3,1.3,1.3-CON-2-NT-SAM,0
21259,CON,AUT,AUT_1,1.7,1.7-CON-1-AUT-ALE,0
21259,CON,AUT,AUT_2,1.7,1.7-CON-1-AUT-CAL,0
21259,CON,AUT,AUT_3,1.7,1.7-CON-1-AUT-RAG,0
21259,CON,NT,NT_2,1.7,1.7-CON-1-NT-STE,0
21259,CON,NT,NT_3,1.7,1.7-CON-1-NT-SAM,1
21259,CON,AUT,AUT_1,4.4,4.4-CON-2-AUT-ALE,0
21259,CON,AUT,AUT_2,4.4,4.4-CON-2-AUT-CAL,1
21259,CON,AUT,AUT_3,4.4,4.4-CON-2-AUT-RAG,1
21259,CON,NT,NT_1,4.4,4.4-CON-2-NT-BOB,1
21259,CON,NT,NT_2,4.4,4.4-CON-2-NT-STE,0
21259,CON,NT,NT_3,4.4,4.4-CON-2-NT-SAM,1